feature_name,importance_score
c10_mirror_depth24_delay__zz_0_2,0.02479031451087065
c09_mirror_depth12__zz_1_2,0.025886796730427607
c10_mirror_depth24_delay__prob_100,0.03013622736110323
c10_mirror_depth24_delay__marginal_q2,0.034264956361622446
c10_mirror_depth24_delay__zz_1_2,0.03685862412605565
c10_mirror_depth24_delay__prob_110,0.047487385527464586
c10_mirror_depth24_delay__entropy,0.05165526030844659
c10_mirror_depth24_delay__marginal_q0,0.05378506259927283
c10_mirror_depth24_delay__zz_0_1,0.05907314417693863
c10_mirror_depth24_delay__prob_011,0.06549622736149695
