backend,bitstring,mean_prob,std_prob
ibm_fez,000,0.49853515625,0.030406530058342474
ibm_fez,001,0.008349609375,0.005373396999683576
ibm_fez,010,0.001025390625,0.0018378512278823655
ibm_fez,011,0.0068359375,0.005506762106388904
ibm_fez,100,0.003759765625,0.004001206904027214
ibm_fez,101,0.003759765625,0.0038536685530802467
ibm_fez,110,0.014453125,0.007571439167035986
ibm_fez,111,0.46328125,0.02994067801437441
ibm_kingston,000,0.498046875,0.03137337197601765
ibm_kingston,001,0.007666015625,0.005609063645562804
ibm_kingston,010,0.002880859375,0.0030916779347604133
ibm_kingston,011,0.008349609375,0.005687713198792182
ibm_kingston,100,0.00390625,0.003930895354895528
ibm_kingston,101,0.00419921875,0.004515185608905999
ibm_kingston,110,0.013818359375,0.00703025413789741
ibm_kingston,111,0.4611328125,0.031057183033537335
ibm_marrakesh,000,0.4919921875,0.034610300290157006
ibm_marrakesh,001,0.006494140625,0.007112198578165482
ibm_marrakesh,010,0.004150390625,0.007203942210346078
ibm_marrakesh,011,0.00546875,0.004917548517872794
ibm_marrakesh,100,0.002978515625,0.0031840100719379228
ibm_marrakesh,101,0.001708984375,0.0025508262660919137
ibm_marrakesh,110,0.015234375,0.01118061629675737
ibm_marrakesh,111,0.47197265625,0.03330709011833531
sim_S0_ibm_fez,000,0.488134765625,0.026394460373599583
sim_S0_ibm_fez,001,0.0,0.0
sim_S0_ibm_fez,010,0.0,0.0
sim_S0_ibm_fez,011,0.0,0.0
sim_S0_ibm_fez,100,0.0,0.0
sim_S0_ibm_fez,101,0.0,0.0
sim_S0_ibm_fez,110,0.0,0.0
sim_S0_ibm_fez,111,0.511865234375,0.026394460373599583
sim_S0_ibm_kingston,000,0.488134765625,0.026394460373599583
sim_S0_ibm_kingston,001,0.0,0.0
sim_S0_ibm_kingston,010,0.0,0.0
sim_S0_ibm_kingston,011,0.0,0.0
sim_S0_ibm_kingston,100,0.0,0.0
sim_S0_ibm_kingston,101,0.0,0.0
sim_S0_ibm_kingston,110,0.0,0.0
sim_S0_ibm_kingston,111,0.511865234375,0.026394460373599583
sim_S0_ibm_marrakesh,000,0.488134765625,0.026394460373599583
sim_S0_ibm_marrakesh,001,0.0,0.0
sim_S0_ibm_marrakesh,010,0.0,0.0
sim_S0_ibm_marrakesh,011,0.0,0.0
sim_S0_ibm_marrakesh,100,0.0,0.0
sim_S0_ibm_marrakesh,101,0.0,0.0
sim_S0_ibm_marrakesh,110,0.0,0.0
sim_S0_ibm_marrakesh,111,0.511865234375,0.026394460373599583
sim_S1_ibm_fez,000,0.488720703125,0.029599366323322482
sim_S1_ibm_fez,001,0.00478515625,0.00448083277048464
sim_S1_ibm_fez,010,0.00263671875,0.0035582203328774088
sim_S1_ibm_fez,011,0.0025390625,0.0034099242754176053
sim_S1_ibm_fez,100,0.00263671875,0.003093629628619814
sim_S1_ibm_fez,101,0.002978515625,0.0032441052072151753
sim_S1_ibm_fez,110,0.005078125,0.0045418429760033414
sim_S1_ibm_fez,111,0.490625,0.02918937953046309
sim_S1_ibm_kingston,000,0.48564453125,0.03044715717953758
sim_S1_ibm_kingston,001,0.003759765625,0.003853668553080247
sim_S1_ibm_kingston,010,0.00654296875,0.005756279195197338
sim_S1_ibm_kingston,011,0.00283203125,0.00356906032853998
sim_S1_ibm_kingston,100,0.00263671875,0.003334027310654232
sim_S1_ibm_kingston,101,0.006884765625,0.0048241131501728365
sim_S1_ibm_kingston,110,0.00400390625,0.00416818583032231
sim_S1_ibm_kingston,111,0.4876953125,0.028739254191908325
sim_S1_ibm_marrakesh,000,0.4880859375,0.029903884342238146
sim_S1_ibm_marrakesh,001,0.00576171875,0.004732404574919598
sim_S1_ibm_marrakesh,010,0.001318359375,0.002481742538667898
sim_S1_ibm_marrakesh,011,0.003662109375,0.004091897329804862
sim_S1_ibm_marrakesh,100,0.003515625,0.004008742424100707
sim_S1_ibm_marrakesh,101,0.00146484375,0.002515081954516617
sim_S1_ibm_marrakesh,110,0.0068359375,0.005747044292269734
sim_S1_ibm_marrakesh,111,0.48935546875,0.0285293040928854
sim_S2_ibm_fez,000,0.48193359375,0.029523451382616712
sim_S2_ibm_fez,001,0.00654296875,0.005302157129738938
sim_S2_ibm_fez,010,0.004541015625,0.004370359750302359
sim_S2_ibm_fez,011,0.00615234375,0.005002247751782553
sim_S2_ibm_fez,100,0.00341796875,0.0035906421447520083
sim_S2_ibm_fez,101,0.008447265625,0.006008092581453458
sim_S2_ibm_fez,110,0.00908203125,0.005228792720493373
sim_S2_ibm_fez,111,0.4798828125,0.029840518994692884
sim_S2_ibm_kingston,000,0.481298828125,0.027855974166593543
sim_S2_ibm_kingston,001,0.003466796875,0.003229186272292293
sim_S2_ibm_kingston,010,0.00791015625,0.005928195522324631
sim_S2_ibm_kingston,011,0.00634765625,0.005213995965761107
sim_S2_ibm_kingston,100,0.0037109375,0.003618772955262668
sim_S2_ibm_kingston,101,0.011962890625,0.0073892403243469695
sim_S2_ibm_kingston,110,0.006689453125,0.005132556908699057
sim_S2_ibm_kingston,111,0.47861328125,0.02933706367984062
sim_S2_ibm_marrakesh,000,0.4818359375,0.0301111459276847
sim_S2_ibm_marrakesh,001,0.005908203125,0.004567023355280766
sim_S2_ibm_marrakesh,010,0.00439453125,0.0038502212011859408
sim_S2_ibm_marrakesh,011,0.006689453125,0.004979753667795275
sim_S2_ibm_marrakesh,100,0.004052734375,0.004281056812576298
sim_S2_ibm_marrakesh,101,0.00537109375,0.005025361842154324
sim_S2_ibm_marrakesh,110,0.011328125,0.007102857067446143
sim_S2_ibm_marrakesh,111,0.480419921875,0.02951768547881517
