backend,provenance,PC1,PC2
ibm_fez,ibm_hardware,8.083405023125446,3.507792341719803
ibm_fez,ibm_hardware,5.422631935787565,6.436925028951641
ibm_fez,ibm_hardware,3.4998845366340614,4.667990607645543
ibm_fez,ibm_hardware,7.024359468008946,3.7845507415693795
ibm_fez,ibm_hardware,7.2672930138640925,7.694687725234886
ibm_fez,ibm_hardware,9.68153544512249,4.584260437313949
ibm_fez,ibm_hardware,9.788215736498389,3.652964160511641
ibm_fez,ibm_hardware,7.831007054291423,5.759847048921175
ibm_fez,ibm_hardware,8.423500921372101,6.240922181121887
ibm_fez,ibm_hardware,6.353752989479288,8.139985002293725
ibm_fez,ibm_hardware,3.3402818792338773,7.311154352401605
ibm_fez,ibm_hardware,5.602269583393756,7.156621287154369
ibm_fez,ibm_hardware,6.305659890951758,5.905144092579834
ibm_fez,ibm_hardware,6.787823797020654,6.837128520437722
ibm_fez,ibm_hardware,4.610906959652046,7.9749846219429
ibm_fez,ibm_hardware,6.072962349044815,5.824934916362083
ibm_fez,ibm_hardware,4.344999330020455,8.58287821126061
ibm_fez,ibm_hardware,7.888483203432676,4.641330588586301
ibm_fez,ibm_hardware,5.830972860417546,6.575140201806854
ibm_fez,ibm_hardware,8.545239775185138,7.050297258925896
ibm_fez,ibm_hardware,6.044209715625951,6.602049807041429
ibm_fez,ibm_hardware,6.163518357781671,8.518120268169577
ibm_fez,ibm_hardware,8.627385647122244,4.3473906105395566
ibm_fez,ibm_hardware,6.624903543352628,5.268894326189516
ibm_fez,ibm_hardware,7.1302464528148795,6.707031002416247
ibm_fez,ibm_hardware,7.918476809246684,2.8115792557516497
ibm_fez,ibm_hardware,10.481970259696439,7.052506958899604
ibm_fez,ibm_hardware,5.353753321965191,7.657385309613098
ibm_fez,ibm_hardware,7.5715974516488265,6.7000961355733875
ibm_fez,ibm_hardware,10.562419152801974,4.136770196006488
ibm_fez,ibm_hardware,5.983979271246188,5.258757143036124
ibm_fez,ibm_hardware,7.402683664414828,5.053864819401721
ibm_fez,ibm_hardware,5.106820352223508,7.574303583068073
ibm_fez,ibm_hardware,4.787439856821114,6.636740785456004
ibm_fez,ibm_hardware,7.54200548558977,4.905318506078076
ibm_fez,ibm_hardware,7.640987358681149,5.952470572299203
ibm_fez,ibm_hardware,9.07871277646941,5.279194136035262
ibm_fez,ibm_hardware,9.333151758762464,4.85968352213779
ibm_fez,ibm_hardware,9.265321596362645,4.472511810673767
ibm_fez,ibm_hardware,8.205125401697087,3.842928689226314
ibm_fez,ibm_hardware,6.8737002728425765,6.024050931131958
ibm_fez,ibm_hardware,5.925555228652491,6.677958039705898
ibm_fez,ibm_hardware,5.979903441852103,5.496700133053665
ibm_fez,ibm_hardware,8.458636544263536,3.6741730848763106
ibm_fez,ibm_hardware,8.47562812460608,5.6839059747993375
ibm_fez,ibm_hardware,7.821802844115242,3.551310970030684
ibm_fez,ibm_hardware,4.2634339209724175,7.5369930386189745
ibm_fez,ibm_hardware,6.705611616023865,6.046529364140232
ibm_fez,ibm_hardware,5.322951069651655,7.458256546758119
ibm_fez,ibm_hardware,5.37304465337715,4.912032893307789
ibm_fez,ibm_hardware,6.242385403507639,5.986168319469868
ibm_fez,ibm_hardware,3.034114865203361,4.2605224375517015
ibm_fez,ibm_hardware,7.5076148407281655,3.008349809251311
ibm_fez,ibm_hardware,5.215641750654507,5.84390611383384
ibm_fez,ibm_hardware,6.024931164031348,6.536395728700161
ibm_fez,ibm_hardware,3.7391597721055754,5.086724177133248
ibm_fez,ibm_hardware,4.875901096564452,3.281334996602655
ibm_fez,ibm_hardware,5.070168850063906,7.676639696065965
ibm_fez,ibm_hardware,8.290824663127774,5.315194271673978
ibm_fez,ibm_hardware,7.819702161754421,4.416863424625117
ibm_fez,ibm_hardware,10.29558369035311,4.828225498495188
ibm_fez,ibm_hardware,6.84045831662515,6.937047239801936
ibm_fez,ibm_hardware,6.921125261197262,7.447683009237295
ibm_fez,ibm_hardware,6.953778639316052,4.348877254886535
ibm_fez,ibm_hardware,2.8381207742604717,5.180186903692377
ibm_fez,ibm_hardware,4.265667298548761,6.75149106385705
ibm_fez,ibm_hardware,1.5019314980031195,7.135130975891407
ibm_fez,ibm_hardware,4.500682706212707,6.461867368929131
ibm_fez,ibm_hardware,3.6624768172295044,5.705792924678805
ibm_fez,ibm_hardware,3.5454264967650135,8.46081395910147
ibm_fez,ibm_hardware,8.138767761223285,7.576426646068185
ibm_fez,ibm_hardware,4.087963236801307,5.491127711942585
ibm_fez,ibm_hardware,6.449981470748899,4.325163819832624
ibm_fez,ibm_hardware,7.421764059290018,4.145035718019479
ibm_fez,ibm_hardware,8.088330805977838,2.7555271358011053
ibm_fez,ibm_hardware,8.552128475254568,1.2926089129579577
ibm_fez,ibm_hardware,5.926723560493364,3.50081862592186
ibm_fez,ibm_hardware,7.607095171571668,3.480510820401662
ibm_fez,ibm_hardware,6.528559048606915,4.17976441207837
ibm_fez,ibm_hardware,7.937421906094609,4.02404804838036
ibm_kingston,ibm_hardware,3.408501638118545,6.458530315810798
ibm_kingston,ibm_hardware,4.6931478288806305,5.617303499448771
ibm_kingston,ibm_hardware,2.6804206202850756,6.854337090860981
ibm_kingston,ibm_hardware,2.208508532571519,7.596110445056795
ibm_kingston,ibm_hardware,1.1404024297774507,6.43408525908758
ibm_kingston,ibm_hardware,3.3490191420975575,7.4664407225238305
ibm_kingston,ibm_hardware,2.4465718034657606,8.982484537564966
ibm_kingston,ibm_hardware,4.833781313101176,6.68622395980288
ibm_kingston,ibm_hardware,5.6599331661036985,5.332624795456472
ibm_kingston,ibm_hardware,4.82420275894576,5.503500105845386
ibm_kingston,ibm_hardware,6.920070081213169,1.789015217427427
ibm_kingston,ibm_hardware,3.8352975566844094,4.870528936821574
ibm_kingston,ibm_hardware,5.5526247656478995,6.357900213493732
ibm_kingston,ibm_hardware,6.350019994687625,2.8753043189499694
ibm_kingston,ibm_hardware,3.4110554695964335,6.122881386660082
ibm_kingston,ibm_hardware,8.36635017539529,4.831408161574773
ibm_kingston,ibm_hardware,5.750519746368848,8.08844047084978
ibm_kingston,ibm_hardware,4.844430122668432,7.967010180245078
ibm_kingston,ibm_hardware,5.7781314367834335,4.725689533248692
ibm_kingston,ibm_hardware,3.0167370636714987,6.574304228563781
ibm_kingston,ibm_hardware,7.069948289520924,5.825125143193132
ibm_kingston,ibm_hardware,4.164218296281795,8.701138901794303
ibm_kingston,ibm_hardware,3.384674121359865,6.4811185731963725
ibm_kingston,ibm_hardware,5.8878531582558224,6.481859566140345
ibm_kingston,ibm_hardware,2.6005522827407552,7.64727055890985
ibm_kingston,ibm_hardware,2.9386316696474974,7.1922098395958285
ibm_kingston,ibm_hardware,5.765127229551319,7.09405885696765
ibm_kingston,ibm_hardware,4.886820504028362,7.887743706312937
ibm_kingston,ibm_hardware,4.381655212369674,8.054779329002335
ibm_kingston,ibm_hardware,6.591842971765122,9.807757197744014
ibm_kingston,ibm_hardware,3.8479079614343923,5.045172138174536
ibm_kingston,ibm_hardware,4.648216092223794,10.006321365332322
ibm_kingston,ibm_hardware,2.749100847289287,4.677590978233073
ibm_kingston,ibm_hardware,3.6166020260283447,5.809976738133373
ibm_kingston,ibm_hardware,1.7839229788850257,6.216983956116935
ibm_kingston,ibm_hardware,2.7633848775396657,8.181864147996825
ibm_kingston,ibm_hardware,4.227453955844394,6.964774459557259
ibm_kingston,ibm_hardware,3.369527425740954,4.253191195737642
ibm_kingston,ibm_hardware,1.419832374835348,6.32643525975752
ibm_kingston,ibm_hardware,5.218088670533352,4.969107832517461
ibm_kingston,ibm_hardware,6.778079064796971,2.247005044621112
ibm_kingston,ibm_hardware,5.044654731739804,5.505088467019913
ibm_kingston,ibm_hardware,3.9830793612758124,3.8911009864858355
ibm_kingston,ibm_hardware,6.65438275733436,4.526681342903336
ibm_kingston,ibm_hardware,5.755098517050726,6.340725703438891
ibm_kingston,ibm_hardware,6.919558466667857,4.586425931675918
ibm_kingston,ibm_hardware,4.111117488175392,1.2918279457616457
ibm_kingston,ibm_hardware,8.751291858036803,3.926762747508881
ibm_kingston,ibm_hardware,8.616044531549845,5.27923588222749
ibm_kingston,ibm_hardware,6.939173864340257,4.448056261803023
ibm_kingston,ibm_hardware,8.923824592932666,3.4779102216983335
ibm_kingston,ibm_hardware,12.121912371923452,5.100807091716138
ibm_kingston,ibm_hardware,12.035707157671037,5.4938176743414155
ibm_kingston,ibm_hardware,6.951581806311431,2.686408789092764
ibm_kingston,ibm_hardware,7.1981814372729005,6.897503475255158
ibm_kingston,ibm_hardware,6.345702966131204,5.406913232928941
ibm_kingston,ibm_hardware,9.441073859611073,2.8228641906910794
ibm_kingston,ibm_hardware,6.626244276524676,5.257480905738204
ibm_kingston,ibm_hardware,8.940116172597703,2.0834592541933477
ibm_kingston,ibm_hardware,9.00107392139563,3.289640813271977
ibm_kingston,ibm_hardware,7.5124688950649885,2.252580041984225
ibm_kingston,ibm_hardware,8.423158852959567,4.326200812450344
ibm_kingston,ibm_hardware,8.663308922981363,1.0230176467958045
ibm_kingston,ibm_hardware,7.614858185578575,1.2922213981211625
ibm_kingston,ibm_hardware,7.319185596416788,5.2324235125541785
ibm_kingston,ibm_hardware,10.95527348234536,2.8955368753421187
ibm_kingston,ibm_hardware,11.325730597491942,6.163238938563264
ibm_kingston,ibm_hardware,9.889748192574178,2.8158501297394327
ibm_kingston,ibm_hardware,8.638504281119204,5.7254654955546975
ibm_kingston,ibm_hardware,8.23969054480687,7.881693817056651
ibm_kingston,ibm_hardware,9.05361261991386,3.547279649967057
ibm_kingston,ibm_hardware,6.657254224792145,3.526683339922888
ibm_kingston,ibm_hardware,9.101490763767123,4.188212620323633
ibm_kingston,ibm_hardware,8.008657788678974,4.430537633747881
ibm_kingston,ibm_hardware,9.335213765557963,4.692327336654893
ibm_kingston,ibm_hardware,6.040067544015816,4.957234464661859
ibm_kingston,ibm_hardware,6.170507757247508,6.460418469823125
ibm_kingston,ibm_hardware,12.065266910879355,4.4556421046665635
ibm_kingston,ibm_hardware,8.349507658647891,5.208535996166822
ibm_kingston,ibm_hardware,5.720747832796819,10.888968872180664
ibm_marrakesh,ibm_hardware,4.173219137957635,7.1606579746884975
ibm_marrakesh,ibm_hardware,5.973727957669642,5.587289054033199
ibm_marrakesh,ibm_hardware,7.151470704065362,2.2903829977225967
ibm_marrakesh,ibm_hardware,7.559340670376342,1.8238972563156217
ibm_marrakesh,ibm_hardware,9.42956644030483,1.9222074267763933
ibm_marrakesh,ibm_hardware,8.476062684689252,4.166934409142621
ibm_marrakesh,ibm_hardware,9.95603690832081,5.748048579622164
ibm_marrakesh,ibm_hardware,5.620718909501112,3.897222226860629
ibm_marrakesh,ibm_hardware,1.501289412808713,5.749396905882796
ibm_marrakesh,ibm_hardware,2.1382854971425274,5.790589822430307
ibm_marrakesh,ibm_hardware,1.484948957695249,6.164588228714976
ibm_marrakesh,ibm_hardware,1.450012397144444,5.854507031793457
ibm_marrakesh,ibm_hardware,-1.8469601296006697,4.420925123765736
ibm_marrakesh,ibm_hardware,1.350850524896846,3.247673348857851
ibm_marrakesh,ibm_hardware,0.45018078716979115,3.401130172203451
ibm_marrakesh,ibm_hardware,1.3223055742580276,7.316458523702018
ibm_marrakesh,ibm_hardware,2.721241275791243,6.53808005831818
ibm_marrakesh,ibm_hardware,4.133541031043124,7.649978960505538
ibm_marrakesh,ibm_hardware,5.405705766410696,6.904856768829976
ibm_marrakesh,ibm_hardware,0.35364216504979,6.52088686790513
ibm_marrakesh,ibm_hardware,2.6757885554517182,8.286931754738564
ibm_marrakesh,ibm_hardware,2.058259100212492,8.287673628613627
ibm_marrakesh,ibm_hardware,3.9768798229468922,8.561287303060519
ibm_marrakesh,ibm_hardware,3.9165473446681895,7.981216262642874
ibm_marrakesh,ibm_hardware,2.209165679521614,5.520399847599768
ibm_marrakesh,ibm_hardware,5.499783598470447,8.548577346476142
ibm_marrakesh,ibm_hardware,5.0315228424816265,1.6297079727468857
ibm_marrakesh,ibm_hardware,4.04371687108354,5.653850899596668
ibm_marrakesh,ibm_hardware,1.4461942645488601,5.507100868809581
ibm_marrakesh,ibm_hardware,4.652656581962574,6.872502068846248
ibm_marrakesh,ibm_hardware,2.8006353157368533,6.1251408942189
ibm_marrakesh,ibm_hardware,2.4837787376714853,4.17482311989636
ibm_marrakesh,ibm_hardware,0.4746717291846683,4.79655757012841
ibm_marrakesh,ibm_hardware,2.5436718334861927,3.0972292418632055
ibm_marrakesh,ibm_hardware,1.4084509059357566,4.5893538710785275
ibm_marrakesh,ibm_hardware,3.363932244020241,5.424291327201819
ibm_marrakesh,ibm_hardware,1.1238326696696799,6.839385236485164
ibm_marrakesh,ibm_hardware,0.9679867922835701,3.781859711959823
ibm_marrakesh,ibm_hardware,4.042019985809018,3.3813519408189037
ibm_marrakesh,ibm_hardware,-0.1676273724064115,3.8243063198358316
ibm_marrakesh,ibm_hardware,4.4214565607619845,7.1467322331430205
ibm_marrakesh,ibm_hardware,3.4217222932945446,6.506032941782752
ibm_marrakesh,ibm_hardware,3.3838707735084275,6.237726696031829
ibm_marrakesh,ibm_hardware,4.827918799603172,4.856189598130413
ibm_marrakesh,ibm_hardware,4.021809874020015,5.8179098360997825
ibm_marrakesh,ibm_hardware,4.710144019438738,6.554142840640554
ibm_marrakesh,ibm_hardware,3.9355302783756945,8.137346597412401
ibm_marrakesh,ibm_hardware,0.9494436532765481,7.425286110216915
ibm_marrakesh,ibm_hardware,5.5409060738313105,9.124499792326022
ibm_marrakesh,ibm_hardware,9.547941090740938,7.263971204610931
ibm_marrakesh,ibm_hardware,4.664407383967787,9.965944223870146
ibm_marrakesh,ibm_hardware,7.652253284554157,9.001534386724174
ibm_marrakesh,ibm_hardware,4.830699123329833,7.484931913138935
ibm_marrakesh,ibm_hardware,7.38571842069661,5.980386178832206
ibm_marrakesh,ibm_hardware,9.019167960975281,8.877552305451374
ibm_marrakesh,ibm_hardware,7.595885235862204,5.572039220205676
ibm_marrakesh,ibm_hardware,27.70668017505907,-3.2747866177502036
ibm_marrakesh,ibm_hardware,27.878925094198237,-6.51048355662585
ibm_marrakesh,ibm_hardware,25.56248103074125,-2.5934338505496686
ibm_marrakesh,ibm_hardware,28.661908703785844,-4.335081343206788
ibm_marrakesh,ibm_hardware,23.51513692639329,-5.045379007910522
ibm_marrakesh,ibm_hardware,23.326225990542795,-0.061729000728828316
ibm_marrakesh,ibm_hardware,27.622986559932606,-4.818669194873659
ibm_marrakesh,ibm_hardware,24.114988334663707,-3.713108518728469
ibm_marrakesh,ibm_hardware,19.28951269930474,7.058860167607991
ibm_marrakesh,ibm_hardware,15.99865884993622,8.572451860173558
ibm_marrakesh,ibm_hardware,18.235450546151252,6.259832754197802
ibm_marrakesh,ibm_hardware,14.539173627774325,7.770158132969172
ibm_marrakesh,ibm_hardware,15.178307988457972,6.1241995169712276
ibm_marrakesh,ibm_hardware,13.329436810247424,1.4372663350848525
ibm_marrakesh,ibm_hardware,17.155091780096775,6.367118185160532
ibm_marrakesh,ibm_hardware,15.301610315737847,4.434649876860828
ibm_marrakesh,ibm_hardware,7.239304691233955,6.6240560835677
ibm_marrakesh,ibm_hardware,5.727981800828223,8.219026961383339
ibm_marrakesh,ibm_hardware,6.153413803907425,6.118648504785802
ibm_marrakesh,ibm_hardware,7.972282891658054,6.236347377680855
ibm_marrakesh,ibm_hardware,9.098975268833904,6.741227235953273
ibm_marrakesh,ibm_hardware,9.989762542677054,7.034598778840332
ibm_marrakesh,ibm_hardware,8.049114565754257,7.6648496948329194
ibm_marrakesh,ibm_hardware,7.978033022234695,7.394721950419257
sim_S0_ibm_fez,aer_ideal,-12.35376465762927,-0.29617360818950567
sim_S0_ibm_fez,aer_ideal,-12.026584773300325,-0.011564738151648811
sim_S0_ibm_fez,aer_ideal,-11.848052464630706,0.6293970235632111
sim_S0_ibm_fez,aer_ideal,-12.034587590273555,-0.32277696886062973
sim_S0_ibm_fez,aer_ideal,-11.827586190865915,1.1562378416391688
sim_S0_ibm_fez,aer_ideal,-11.807702103548076,-0.2870489305354839
sim_S0_ibm_fez,aer_ideal,-12.316159467791167,0.5657452995729976
sim_S0_ibm_fez,aer_ideal,-11.801536123426004,0.635766596359106
sim_S0_ibm_fez,aer_ideal,-11.809926772463111,0.44874080844733705
sim_S0_ibm_fez,aer_ideal,-12.536049804517852,-0.4278677272589391
sim_S0_ibm_fez,aer_ideal,-11.794296143129621,0.4588668163411318
sim_S0_ibm_fez,aer_ideal,-10.984530473370745,1.1726686634675505
sim_S0_ibm_fez,aer_ideal,-11.612841528338679,1.4909394492123806
sim_S0_ibm_fez,aer_ideal,-12.04629115192977,0.5168344345755527
sim_S0_ibm_fez,aer_ideal,-12.22948481499745,-0.18005465860304687
sim_S0_ibm_fez,aer_ideal,-12.375242539747951,-0.27852017463410267
sim_S0_ibm_fez,aer_ideal,-12.12650281851189,0.09354786754621165
sim_S0_ibm_fez,aer_ideal,-12.060391124729552,0.0850985818697323
sim_S0_ibm_fez,aer_ideal,-11.87824989363531,0.06193489276467041
sim_S0_ibm_fez,aer_ideal,-12.525234613545933,0.007061290999739332
sim_S0_ibm_fez,aer_ideal,-11.947333233047281,0.86390627994657
sim_S0_ibm_fez,aer_ideal,-12.132357460300192,0.45550398658820357
sim_S0_ibm_fez,aer_ideal,-12.284289543612696,0.3057837144826314
sim_S0_ibm_fez,aer_ideal,-12.361449046915334,0.27766875520594314
sim_S0_ibm_fez,aer_ideal,-11.761926873359347,0.19362983002295148
sim_S0_ibm_fez,aer_ideal,-12.219763295792516,-0.2491705629755614
sim_S0_ibm_fez,aer_ideal,-12.447763860925543,-0.16172464048978952
sim_S0_ibm_fez,aer_ideal,-12.556092469167625,-0.7388998911697984
sim_S0_ibm_fez,aer_ideal,-12.061951765605842,0.3222185162323053
sim_S0_ibm_fez,aer_ideal,-12.046879189559558,0.5604948379033796
sim_S0_ibm_fez,aer_ideal,-12.199884548695259,-0.030661339873944513
sim_S0_ibm_fez,aer_ideal,-12.236996230687774,-0.09119049077893826
sim_S0_ibm_fez,aer_ideal,-12.399962327413174,-1.1397919205979627
sim_S0_ibm_fez,aer_ideal,-12.290186199882667,-0.3014555983113488
sim_S0_ibm_fez,aer_ideal,-12.278400914293673,-0.27720256849365416
sim_S0_ibm_fez,aer_ideal,-12.140655630127442,1.0924517099310587
sim_S0_ibm_fez,aer_ideal,-12.17241760747933,0.9609342675658868
sim_S0_ibm_fez,aer_ideal,-11.881834486131687,0.25811257684302186
sim_S0_ibm_fez,aer_ideal,-12.205702601069593,-0.11937497693575952
sim_S0_ibm_fez,aer_ideal,-12.428374000279128,0.12473443488460119
sim_S0_ibm_fez,aer_ideal,-12.331709471624025,0.45353407860739425
sim_S0_ibm_fez,aer_ideal,-11.950076862647947,0.11902330742470867
sim_S0_ibm_fez,aer_ideal,-11.761038244717488,1.3263500209571824
sim_S0_ibm_fez,aer_ideal,-11.792284064346813,0.17664812930001425
sim_S0_ibm_fez,aer_ideal,-12.022376753437213,0.6091848863524513
sim_S0_ibm_fez,aer_ideal,-12.258046630365346,-0.15155099427501292
sim_S0_ibm_fez,aer_ideal,-11.792014447155903,0.6352716511507377
sim_S0_ibm_fez,aer_ideal,-11.78478097603505,0.9370718020679307
sim_S0_ibm_fez,aer_ideal,-12.065892649740885,0.3252021721693832
sim_S0_ibm_fez,aer_ideal,-12.049639924429767,0.325437233933666
sim_S0_ibm_fez,aer_ideal,-12.274670101372344,0.6272987703096253
sim_S0_ibm_fez,aer_ideal,-11.627011742275096,0.577331310299678
sim_S0_ibm_fez,aer_ideal,-12.01392649818618,0.5570431400239545
sim_S0_ibm_fez,aer_ideal,-11.498509602048276,0.8263350311046557
sim_S0_ibm_fez,aer_ideal,-12.385326980936252,-0.22295625239951916
sim_S0_ibm_fez,aer_ideal,-12.299543312001042,0.0741727652655765
sim_S0_ibm_fez,aer_ideal,-11.958424430578152,0.2040984307432485
sim_S0_ibm_fez,aer_ideal,-12.334715973114799,-0.8079409071872762
sim_S0_ibm_fez,aer_ideal,-11.67177050578344,0.09835643835989975
sim_S0_ibm_fez,aer_ideal,-11.945359217740483,0.24146418468976127
sim_S0_ibm_fez,aer_ideal,-12.093409301172505,0.20985347358676187
sim_S0_ibm_fez,aer_ideal,-12.111628337729167,1.3697172834508753
sim_S0_ibm_fez,aer_ideal,-12.58281496794961,-1.1629835143398384
sim_S0_ibm_fez,aer_ideal,-11.993510945672547,0.05258692125624575
sim_S0_ibm_fez,aer_ideal,-11.33486457151681,0.7459580770153306
sim_S0_ibm_fez,aer_ideal,-12.263651191397567,-0.11030457260788447
sim_S0_ibm_fez,aer_ideal,-12.384061305173677,-0.6462935984928
sim_S0_ibm_fez,aer_ideal,-12.612616290777435,-0.9978330268768449
sim_S0_ibm_fez,aer_ideal,-12.093382811026778,-0.23725162853436502
sim_S0_ibm_fez,aer_ideal,-12.011174901031367,0.9656016964580691
sim_S0_ibm_fez,aer_ideal,-12.037630030295421,0.645095593934846
sim_S0_ibm_fez,aer_ideal,-11.940390903402731,0.3898844458913771
sim_S0_ibm_fez,aer_ideal,-12.144378942475816,0.5617390489568873
sim_S0_ibm_fez,aer_ideal,-12.465992537159915,-0.2206739738418385
sim_S0_ibm_fez,aer_ideal,-12.334336190399515,0.08996289369888848
sim_S0_ibm_fez,aer_ideal,-11.941720389037114,1.3818231522073094
sim_S0_ibm_fez,aer_ideal,-12.257435728616645,-0.06546535698188925
sim_S0_ibm_fez,aer_ideal,-11.926315338156648,0.9975822782389046
sim_S0_ibm_fez,aer_ideal,-12.436642150462458,-0.2564370435621493
sim_S0_ibm_fez,aer_ideal,-11.935377891152275,0.2839498747016204
sim_S0_ibm_kingston,aer_ideal,-12.35376465762927,-0.29617360818950567
sim_S0_ibm_kingston,aer_ideal,-12.026584773300325,-0.011564738151648811
sim_S0_ibm_kingston,aer_ideal,-11.848052464630706,0.6293970235632111
sim_S0_ibm_kingston,aer_ideal,-12.034587590273555,-0.32277696886062973
sim_S0_ibm_kingston,aer_ideal,-11.827586190865915,1.1562378416391688
sim_S0_ibm_kingston,aer_ideal,-11.807702103548076,-0.2870489305354839
sim_S0_ibm_kingston,aer_ideal,-12.316159467791167,0.5657452995729976
sim_S0_ibm_kingston,aer_ideal,-11.801536123426004,0.635766596359106
sim_S0_ibm_kingston,aer_ideal,-11.809926772463111,0.44874080844733705
sim_S0_ibm_kingston,aer_ideal,-12.536049804517852,-0.4278677272589391
sim_S0_ibm_kingston,aer_ideal,-11.794296143129621,0.4588668163411318
sim_S0_ibm_kingston,aer_ideal,-10.984530473370745,1.1726686634675505
sim_S0_ibm_kingston,aer_ideal,-11.612841528338679,1.4909394492123806
sim_S0_ibm_kingston,aer_ideal,-12.04629115192977,0.5168344345755527
sim_S0_ibm_kingston,aer_ideal,-12.22948481499745,-0.18005465860304687
sim_S0_ibm_kingston,aer_ideal,-12.375242539747951,-0.27852017463410267
sim_S0_ibm_kingston,aer_ideal,-12.12650281851189,0.09354786754621165
sim_S0_ibm_kingston,aer_ideal,-12.060391124729552,0.0850985818697323
sim_S0_ibm_kingston,aer_ideal,-11.87824989363531,0.06193489276467041
sim_S0_ibm_kingston,aer_ideal,-12.525234613545933,0.007061290999739332
sim_S0_ibm_kingston,aer_ideal,-11.947333233047281,0.86390627994657
sim_S0_ibm_kingston,aer_ideal,-12.132357460300192,0.45550398658820357
sim_S0_ibm_kingston,aer_ideal,-12.284289543612696,0.3057837144826314
sim_S0_ibm_kingston,aer_ideal,-12.361449046915334,0.27766875520594314
sim_S0_ibm_kingston,aer_ideal,-11.761926873359347,0.19362983002295148
sim_S0_ibm_kingston,aer_ideal,-12.219763295792516,-0.2491705629755614
sim_S0_ibm_kingston,aer_ideal,-12.447763860925543,-0.16172464048978952
sim_S0_ibm_kingston,aer_ideal,-12.556092469167625,-0.7388998911697984
sim_S0_ibm_kingston,aer_ideal,-12.061951765605842,0.3222185162323053
sim_S0_ibm_kingston,aer_ideal,-12.046879189559558,0.5604948379033796
sim_S0_ibm_kingston,aer_ideal,-12.199884548695259,-0.030661339873944513
sim_S0_ibm_kingston,aer_ideal,-12.236996230687774,-0.09119049077893826
sim_S0_ibm_kingston,aer_ideal,-12.399962327413174,-1.1397919205979627
sim_S0_ibm_kingston,aer_ideal,-12.290186199882667,-0.3014555983113488
sim_S0_ibm_kingston,aer_ideal,-12.278400914293673,-0.27720256849365416
sim_S0_ibm_kingston,aer_ideal,-12.140655630127442,1.0924517099310587
sim_S0_ibm_kingston,aer_ideal,-12.17241760747933,0.9609342675658868
sim_S0_ibm_kingston,aer_ideal,-11.881834486131687,0.25811257684302186
sim_S0_ibm_kingston,aer_ideal,-12.205702601069593,-0.11937497693575952
sim_S0_ibm_kingston,aer_ideal,-12.428374000279128,0.12473443488460119
sim_S0_ibm_kingston,aer_ideal,-12.331709471624025,0.45353407860739425
sim_S0_ibm_kingston,aer_ideal,-11.950076862647947,0.11902330742470867
sim_S0_ibm_kingston,aer_ideal,-11.761038244717488,1.3263500209571824
sim_S0_ibm_kingston,aer_ideal,-11.792284064346813,0.17664812930001425
sim_S0_ibm_kingston,aer_ideal,-12.022376753437213,0.6091848863524513
sim_S0_ibm_kingston,aer_ideal,-12.258046630365346,-0.15155099427501292
sim_S0_ibm_kingston,aer_ideal,-11.792014447155903,0.6352716511507377
sim_S0_ibm_kingston,aer_ideal,-11.78478097603505,0.9370718020679307
sim_S0_ibm_kingston,aer_ideal,-12.065892649740885,0.3252021721693832
sim_S0_ibm_kingston,aer_ideal,-12.049639924429767,0.325437233933666
sim_S0_ibm_kingston,aer_ideal,-12.274670101372344,0.6272987703096253
sim_S0_ibm_kingston,aer_ideal,-11.627011742275096,0.577331310299678
sim_S0_ibm_kingston,aer_ideal,-12.01392649818618,0.5570431400239545
sim_S0_ibm_kingston,aer_ideal,-11.498509602048276,0.8263350311046557
sim_S0_ibm_kingston,aer_ideal,-12.385326980936252,-0.22295625239951916
sim_S0_ibm_kingston,aer_ideal,-12.299543312001042,0.0741727652655765
sim_S0_ibm_kingston,aer_ideal,-11.958424430578152,0.2040984307432485
sim_S0_ibm_kingston,aer_ideal,-12.334715973114799,-0.8079409071872762
sim_S0_ibm_kingston,aer_ideal,-11.67177050578344,0.09835643835989975
sim_S0_ibm_kingston,aer_ideal,-11.945359217740483,0.24146418468976127
sim_S0_ibm_kingston,aer_ideal,-12.093409301172505,0.20985347358676187
sim_S0_ibm_kingston,aer_ideal,-12.111628337729167,1.3697172834508753
sim_S0_ibm_kingston,aer_ideal,-12.58281496794961,-1.1629835143398384
sim_S0_ibm_kingston,aer_ideal,-11.993510945672547,0.05258692125624575
sim_S0_ibm_kingston,aer_ideal,-11.33486457151681,0.7459580770153306
sim_S0_ibm_kingston,aer_ideal,-12.263651191397567,-0.11030457260788447
sim_S0_ibm_kingston,aer_ideal,-12.384061305173677,-0.6462935984928
sim_S0_ibm_kingston,aer_ideal,-12.612616290777435,-0.9978330268768449
sim_S0_ibm_kingston,aer_ideal,-12.093382811026778,-0.23725162853436502
sim_S0_ibm_kingston,aer_ideal,-12.011174901031367,0.9656016964580691
sim_S0_ibm_kingston,aer_ideal,-12.037630030295421,0.645095593934846
sim_S0_ibm_kingston,aer_ideal,-11.940390903402731,0.3898844458913771
sim_S0_ibm_kingston,aer_ideal,-12.144378942475816,0.5617390489568873
sim_S0_ibm_kingston,aer_ideal,-12.465992537159915,-0.2206739738418385
sim_S0_ibm_kingston,aer_ideal,-12.334336190399515,0.08996289369888848
sim_S0_ibm_kingston,aer_ideal,-11.941720389037114,1.3818231522073094
sim_S0_ibm_kingston,aer_ideal,-12.257435728616645,-0.06546535698188925
sim_S0_ibm_kingston,aer_ideal,-11.926315338156648,0.9975822782389046
sim_S0_ibm_kingston,aer_ideal,-12.436642150462458,-0.2564370435621493
sim_S0_ibm_kingston,aer_ideal,-11.935377891152275,0.2839498747016204
sim_S0_ibm_marrakesh,aer_ideal,-12.35376465762927,-0.29617360818950567
sim_S0_ibm_marrakesh,aer_ideal,-12.026584773300325,-0.011564738151648811
sim_S0_ibm_marrakesh,aer_ideal,-11.848052464630706,0.6293970235632111
sim_S0_ibm_marrakesh,aer_ideal,-12.034587590273555,-0.32277696886062973
sim_S0_ibm_marrakesh,aer_ideal,-11.827586190865915,1.1562378416391688
sim_S0_ibm_marrakesh,aer_ideal,-11.807702103548076,-0.2870489305354839
sim_S0_ibm_marrakesh,aer_ideal,-12.316159467791167,0.5657452995729976
sim_S0_ibm_marrakesh,aer_ideal,-11.801536123426004,0.635766596359106
sim_S0_ibm_marrakesh,aer_ideal,-11.809926772463111,0.44874080844733705
sim_S0_ibm_marrakesh,aer_ideal,-12.536049804517852,-0.4278677272589391
sim_S0_ibm_marrakesh,aer_ideal,-11.794296143129621,0.4588668163411318
sim_S0_ibm_marrakesh,aer_ideal,-10.984530473370745,1.1726686634675505
sim_S0_ibm_marrakesh,aer_ideal,-11.612841528338679,1.4909394492123806
sim_S0_ibm_marrakesh,aer_ideal,-12.04629115192977,0.5168344345755527
sim_S0_ibm_marrakesh,aer_ideal,-12.22948481499745,-0.18005465860304687
sim_S0_ibm_marrakesh,aer_ideal,-12.375242539747951,-0.27852017463410267
sim_S0_ibm_marrakesh,aer_ideal,-12.12650281851189,0.09354786754621165
sim_S0_ibm_marrakesh,aer_ideal,-12.060391124729552,0.0850985818697323
sim_S0_ibm_marrakesh,aer_ideal,-11.87824989363531,0.06193489276467041
sim_S0_ibm_marrakesh,aer_ideal,-12.525234613545933,0.007061290999739332
sim_S0_ibm_marrakesh,aer_ideal,-11.947333233047281,0.86390627994657
sim_S0_ibm_marrakesh,aer_ideal,-12.132357460300192,0.45550398658820357
sim_S0_ibm_marrakesh,aer_ideal,-12.284289543612696,0.3057837144826314
sim_S0_ibm_marrakesh,aer_ideal,-12.361449046915334,0.27766875520594314
sim_S0_ibm_marrakesh,aer_ideal,-11.761926873359347,0.19362983002295148
sim_S0_ibm_marrakesh,aer_ideal,-12.219763295792516,-0.2491705629755614
sim_S0_ibm_marrakesh,aer_ideal,-12.447763860925543,-0.16172464048978952
sim_S0_ibm_marrakesh,aer_ideal,-12.556092469167625,-0.7388998911697984
sim_S0_ibm_marrakesh,aer_ideal,-12.061951765605842,0.3222185162323053
sim_S0_ibm_marrakesh,aer_ideal,-12.046879189559558,0.5604948379033796
sim_S0_ibm_marrakesh,aer_ideal,-12.199884548695259,-0.030661339873944513
sim_S0_ibm_marrakesh,aer_ideal,-12.236996230687774,-0.09119049077893826
sim_S0_ibm_marrakesh,aer_ideal,-12.399962327413174,-1.1397919205979627
sim_S0_ibm_marrakesh,aer_ideal,-12.290186199882667,-0.3014555983113488
sim_S0_ibm_marrakesh,aer_ideal,-12.278400914293673,-0.27720256849365416
sim_S0_ibm_marrakesh,aer_ideal,-12.140655630127442,1.0924517099310587
sim_S0_ibm_marrakesh,aer_ideal,-12.17241760747933,0.9609342675658868
sim_S0_ibm_marrakesh,aer_ideal,-11.881834486131687,0.25811257684302186
sim_S0_ibm_marrakesh,aer_ideal,-12.205702601069593,-0.11937497693575952
sim_S0_ibm_marrakesh,aer_ideal,-12.428374000279128,0.12473443488460119
sim_S0_ibm_marrakesh,aer_ideal,-12.331709471624025,0.45353407860739425
sim_S0_ibm_marrakesh,aer_ideal,-11.950076862647947,0.11902330742470867
sim_S0_ibm_marrakesh,aer_ideal,-11.761038244717488,1.3263500209571824
sim_S0_ibm_marrakesh,aer_ideal,-11.792284064346813,0.17664812930001425
sim_S0_ibm_marrakesh,aer_ideal,-12.022376753437213,0.6091848863524513
sim_S0_ibm_marrakesh,aer_ideal,-12.258046630365346,-0.15155099427501292
sim_S0_ibm_marrakesh,aer_ideal,-11.792014447155903,0.6352716511507377
sim_S0_ibm_marrakesh,aer_ideal,-11.78478097603505,0.9370718020679307
sim_S0_ibm_marrakesh,aer_ideal,-12.065892649740885,0.3252021721693832
sim_S0_ibm_marrakesh,aer_ideal,-12.049639924429767,0.325437233933666
sim_S0_ibm_marrakesh,aer_ideal,-12.274670101372344,0.6272987703096253
sim_S0_ibm_marrakesh,aer_ideal,-11.627011742275096,0.577331310299678
sim_S0_ibm_marrakesh,aer_ideal,-12.01392649818618,0.5570431400239545
sim_S0_ibm_marrakesh,aer_ideal,-11.498509602048276,0.8263350311046557
sim_S0_ibm_marrakesh,aer_ideal,-12.385326980936252,-0.22295625239951916
sim_S0_ibm_marrakesh,aer_ideal,-12.299543312001042,0.0741727652655765
sim_S0_ibm_marrakesh,aer_ideal,-11.958424430578152,0.2040984307432485
sim_S0_ibm_marrakesh,aer_ideal,-12.334715973114799,-0.8079409071872762
sim_S0_ibm_marrakesh,aer_ideal,-11.67177050578344,0.09835643835989975
sim_S0_ibm_marrakesh,aer_ideal,-11.945359217740483,0.24146418468976127
sim_S0_ibm_marrakesh,aer_ideal,-12.093409301172505,0.20985347358676187
sim_S0_ibm_marrakesh,aer_ideal,-12.111628337729167,1.3697172834508753
sim_S0_ibm_marrakesh,aer_ideal,-12.58281496794961,-1.1629835143398384
sim_S0_ibm_marrakesh,aer_ideal,-11.993510945672547,0.05258692125624575
sim_S0_ibm_marrakesh,aer_ideal,-11.33486457151681,0.7459580770153306
sim_S0_ibm_marrakesh,aer_ideal,-12.263651191397567,-0.11030457260788447
sim_S0_ibm_marrakesh,aer_ideal,-12.384061305173677,-0.6462935984928
sim_S0_ibm_marrakesh,aer_ideal,-12.612616290777435,-0.9978330268768449
sim_S0_ibm_marrakesh,aer_ideal,-12.093382811026778,-0.23725162853436502
sim_S0_ibm_marrakesh,aer_ideal,-12.011174901031367,0.9656016964580691
sim_S0_ibm_marrakesh,aer_ideal,-12.037630030295421,0.645095593934846
sim_S0_ibm_marrakesh,aer_ideal,-11.940390903402731,0.3898844458913771
sim_S0_ibm_marrakesh,aer_ideal,-12.144378942475816,0.5617390489568873
sim_S0_ibm_marrakesh,aer_ideal,-12.465992537159915,-0.2206739738418385
sim_S0_ibm_marrakesh,aer_ideal,-12.334336190399515,0.08996289369888848
sim_S0_ibm_marrakesh,aer_ideal,-11.941720389037114,1.3818231522073094
sim_S0_ibm_marrakesh,aer_ideal,-12.257435728616645,-0.06546535698188925
sim_S0_ibm_marrakesh,aer_ideal,-11.926315338156648,0.9975822782389046
sim_S0_ibm_marrakesh,aer_ideal,-12.436642150462458,-0.2564370435621493
sim_S0_ibm_marrakesh,aer_ideal,-11.935377891152275,0.2839498747016204
sim_S1_ibm_fez,aer_noise_model,-2.526012213991822,1.94415797749929
sim_S1_ibm_fez,aer_noise_model,-0.9835033124437613,-0.30783680809667135
sim_S1_ibm_fez,aer_noise_model,1.1328969508516846,-1.68677118860095
sim_S1_ibm_fez,aer_noise_model,-1.8965069738750346,-2.6083082962246036
sim_S1_ibm_fez,aer_noise_model,-1.0445693923445132,0.6367435428449322
sim_S1_ibm_fez,aer_noise_model,1.5850813028746455,-3.741812984807402
sim_S1_ibm_fez,aer_noise_model,0.2309988589744499,-1.3623388805078362
sim_S1_ibm_fez,aer_noise_model,-2.571639583466431,1.5232305106549322
sim_S1_ibm_fez,aer_noise_model,0.09597167563750615,-1.1898582512450868
sim_S1_ibm_fez,aer_noise_model,-0.2421139708888953,-3.867784590465713
sim_S1_ibm_fez,aer_noise_model,-1.8802106701820624,1.531731095471601
sim_S1_ibm_fez,aer_noise_model,-0.7182027178100553,1.077814929127796
sim_S1_ibm_fez,aer_noise_model,-0.8410622682697383,-0.8922124492500764
sim_S1_ibm_fez,aer_noise_model,-3.191531524693166,1.608957440674201
sim_S1_ibm_fez,aer_noise_model,-1.045841772585256,-0.2749754859447018
sim_S1_ibm_fez,aer_noise_model,0.34227011323336676,-1.8917041788677869
sim_S1_ibm_fez,aer_noise_model,-1.358191936776369,0.3980687261706218
sim_S1_ibm_fez,aer_noise_model,-0.38703623479938953,1.6492527963039312
sim_S1_ibm_fez,aer_noise_model,0.03332813305634714,0.5479659033704141
sim_S1_ibm_fez,aer_noise_model,-0.18192027768032296,2.4428085658209144
sim_S1_ibm_fez,aer_noise_model,2.587035279167795,-2.714153306715528
sim_S1_ibm_fez,aer_noise_model,-0.5198349947696136,0.6678462262877832
sim_S1_ibm_fez,aer_noise_model,1.2269428961808828,-1.507397916821943
sim_S1_ibm_fez,aer_noise_model,-1.2888484987960274,-1.7037664447531036
sim_S1_ibm_fez,aer_noise_model,-1.7681827905787877,1.1361785316805177
sim_S1_ibm_fez,aer_noise_model,-1.9010251975771908,1.8335692948881908
sim_S1_ibm_fez,aer_noise_model,-2.2687761212263937,-0.18674276987417193
sim_S1_ibm_fez,aer_noise_model,-0.35656762300023126,2.3622041634502655
sim_S1_ibm_fez,aer_noise_model,-1.9060809569058295,-2.139361093666174
sim_S1_ibm_fez,aer_noise_model,0.139235289734858,-0.6558340153167423
sim_S1_ibm_fez,aer_noise_model,-1.3635005370719702,0.0888979751326012
sim_S1_ibm_fez,aer_noise_model,-2.3128472648962597,-1.4863334562243573
sim_S1_ibm_fez,aer_noise_model,-3.0809403501144805,0.9464358077377734
sim_S1_ibm_fez,aer_noise_model,-1.1074700468616525,-1.4343159223169275
sim_S1_ibm_fez,aer_noise_model,-2.3291076686653573,-1.9554452128029478
sim_S1_ibm_fez,aer_noise_model,-4.473911219719352,0.3971876690010126
sim_S1_ibm_fez,aer_noise_model,-1.6927598738438057,-2.0042555985657047
sim_S1_ibm_fez,aer_noise_model,-0.5772951112971931,-2.32161464078175
sim_S1_ibm_fez,aer_noise_model,-0.39628508234591925,0.14231229442253976
sim_S1_ibm_fez,aer_noise_model,1.141188332205499,-4.306138072628698
sim_S1_ibm_fez,aer_noise_model,1.1390782695659931,-1.6788133124269575
sim_S1_ibm_fez,aer_noise_model,-1.1776543039760654,-1.231524125972579
sim_S1_ibm_fez,aer_noise_model,-0.5210718239847997,-3.9451046353209818
sim_S1_ibm_fez,aer_noise_model,0.8657299626568105,-1.0604969787729885
sim_S1_ibm_fez,aer_noise_model,-2.56985763925343,2.01579011247295
sim_S1_ibm_fez,aer_noise_model,-2.5188139362016644,0.23039760942490756
sim_S1_ibm_fez,aer_noise_model,-0.16648113351381336,1.0902820498692094
sim_S1_ibm_fez,aer_noise_model,-0.36299007293053903,0.259330789937806
sim_S1_ibm_fez,aer_noise_model,-2.470218182302308,-0.08748076254348242
sim_S1_ibm_fez,aer_noise_model,0.9381447749553959,-3.01238357760625
sim_S1_ibm_fez,aer_noise_model,0.412783369264601,-1.766633988651898
sim_S1_ibm_fez,aer_noise_model,-1.837537042357219,2.204936753977092
sim_S1_ibm_fez,aer_noise_model,-0.7355489932873079,-1.4981754810102557
sim_S1_ibm_fez,aer_noise_model,-3.2783565775880796,0.7744549214869613
sim_S1_ibm_fez,aer_noise_model,-1.334506648968314,-1.2724710738241976
sim_S1_ibm_fez,aer_noise_model,-1.4239701630364912,-0.7637200166980894
sim_S1_ibm_fez,aer_noise_model,0.1627435520924579,1.3050382932687772
sim_S1_ibm_fez,aer_noise_model,-1.472752865249047,-3.1021941720920103
sim_S1_ibm_fez,aer_noise_model,-4.250966660236681,2.190936289328892
sim_S1_ibm_fez,aer_noise_model,0.8620122411572967,0.0844976553535806
sim_S1_ibm_fez,aer_noise_model,-1.0762938850446098,-0.09769663176211475
sim_S1_ibm_fez,aer_noise_model,-0.5656727639880017,0.805514047610361
sim_S1_ibm_fez,aer_noise_model,-1.0158463851455355,-0.014000914375602991
sim_S1_ibm_fez,aer_noise_model,-0.02985087820597023,0.03871211210544934
sim_S1_ibm_fez,aer_noise_model,-4.070065086944483,1.959259782988988
sim_S1_ibm_fez,aer_noise_model,-2.941219654147201,1.6105800869500257
sim_S1_ibm_fez,aer_noise_model,-1.2655278900374953,0.15610779769132282
sim_S1_ibm_fez,aer_noise_model,0.10739931597633912,0.5005036333460217
sim_S1_ibm_fez,aer_noise_model,-0.054352785824727974,-2.172213963775525
sim_S1_ibm_fez,aer_noise_model,3.802466212340527,-2.15089839922602
sim_S1_ibm_fez,aer_noise_model,-1.9093964874938203,0.391777391118344
sim_S1_ibm_fez,aer_noise_model,-2.880114868305214,-0.28417377547856326
sim_S1_ibm_fez,aer_noise_model,-3.485257035520772,1.1094953029602288
sim_S1_ibm_fez,aer_noise_model,-1.3918870330696431,1.8259542549748973
sim_S1_ibm_fez,aer_noise_model,-0.32720647710923456,-2.519410082517984
sim_S1_ibm_fez,aer_noise_model,-0.9071710825194892,0.17078991817699674
sim_S1_ibm_fez,aer_noise_model,-0.9089407298415645,-0.616996976540932
sim_S1_ibm_fez,aer_noise_model,-1.7800872487514492,-2.529422745554317
sim_S1_ibm_fez,aer_noise_model,-3.8215034009007023,1.8424397645816037
sim_S1_ibm_fez,aer_noise_model,-1.1198232728724349,1.6972726058349856
sim_S1_ibm_kingston,aer_noise_model,-1.4677474365150305,0.6540029829158851
sim_S1_ibm_kingston,aer_noise_model,0.9060756490572838,-2.220720590682742
sim_S1_ibm_kingston,aer_noise_model,3.6222544918666757,-3.7513454566388726
sim_S1_ibm_kingston,aer_noise_model,-0.26708184239064875,-3.9280721765069115
sim_S1_ibm_kingston,aer_noise_model,2.0097141014291884,-1.1768875971258734
sim_S1_ibm_kingston,aer_noise_model,5.534558138481859,-8.662751912213729
sim_S1_ibm_kingston,aer_noise_model,1.964704298043775,-3.06693230866186
sim_S1_ibm_kingston,aer_noise_model,-1.5975755707344816,-0.0895538852501098
sim_S1_ibm_kingston,aer_noise_model,2.8327757038835832,-3.2374286459430657
sim_S1_ibm_kingston,aer_noise_model,1.5841725440148555,-4.868112699837785
sim_S1_ibm_kingston,aer_noise_model,0.7793819434799346,-0.254892966014051
sim_S1_ibm_kingston,aer_noise_model,1.7836779274404289,-1.3676660607033995
sim_S1_ibm_kingston,aer_noise_model,2.282633293842618,-2.663076389501375
sim_S1_ibm_kingston,aer_noise_model,-1.346180154840509,0.849276384623445
sim_S1_ibm_kingston,aer_noise_model,-0.2089649198992811,-0.529635492469039
sim_S1_ibm_kingston,aer_noise_model,1.7107368992591292,-3.126428558638769
sim_S1_ibm_kingston,aer_noise_model,1.5552902944864715,-2.8189271717122506
sim_S1_ibm_kingston,aer_noise_model,1.0222897013596026,-0.4086664027397563
sim_S1_ibm_kingston,aer_noise_model,0.5175607529748084,-0.4134790854139997
sim_S1_ibm_kingston,aer_noise_model,3.437595164194193,-1.1075785958459072
sim_S1_ibm_kingston,aer_noise_model,6.762478546775978,-7.715192497170124
sim_S1_ibm_kingston,aer_noise_model,2.1787898302306257,-2.499756217688394
sim_S1_ibm_kingston,aer_noise_model,3.6032438831795717,-2.8899663902144668
sim_S1_ibm_kingston,aer_noise_model,0.7630357938960126,-2.2622453290774107
sim_S1_ibm_kingston,aer_noise_model,-1.1320636032685938,0.1790521867396036
sim_S1_ibm_kingston,aer_noise_model,-1.1590842009701525,0.5101743404934507
sim_S1_ibm_kingston,aer_noise_model,0.1640701621290351,-0.3591835882088705
sim_S1_ibm_kingston,aer_noise_model,1.585338634718605,0.40965123912268514
sim_S1_ibm_kingston,aer_noise_model,1.1163583843564902,-4.636021613233648
sim_S1_ibm_kingston,aer_noise_model,3.592713934539497,-4.293394662024506
sim_S1_ibm_kingston,aer_noise_model,0.8075024276085457,-1.9485613125640326
sim_S1_ibm_kingston,aer_noise_model,1.364642583642929,-6.170633070918032
sim_S1_ibm_kingston,aer_noise_model,-0.7349444937982026,-2.539704221735534
sim_S1_ibm_kingston,aer_noise_model,0.73750678946068,-2.5829164315021824
sim_S1_ibm_kingston,aer_noise_model,-0.41075401576372916,-2.776963309729172
sim_S1_ibm_kingston,aer_noise_model,-0.9091501255261392,-2.737600674799868
sim_S1_ibm_kingston,aer_noise_model,-0.3431537146454043,-3.2367271692470694
sim_S1_ibm_kingston,aer_noise_model,1.5239626713255237,-3.202698871124831
sim_S1_ibm_kingston,aer_noise_model,2.4478758930449898,-2.8280044544379184
sim_S1_ibm_kingston,aer_noise_model,2.818468262509153,-3.661733893522842
sim_S1_ibm_kingston,aer_noise_model,1.91689642528271,-2.8895747099691333
sim_S1_ibm_kingston,aer_noise_model,0.07557517979318983,-2.052322157066999
sim_S1_ibm_kingston,aer_noise_model,2.4502577605134,-6.449022849999716
sim_S1_ibm_kingston,aer_noise_model,2.275474227877942,-4.047604684471178
sim_S1_ibm_kingston,aer_noise_model,-1.364657173496821,0.7039848088412768
sim_S1_ibm_kingston,aer_noise_model,-1.4030798982356933,-0.3473716264306278
sim_S1_ibm_kingston,aer_noise_model,0.7832121916931832,-0.9073986342264284
sim_S1_ibm_kingston,aer_noise_model,0.9677723505258078,-0.287389806548068
sim_S1_ibm_kingston,aer_noise_model,-0.05481751370679222,-2.71994060076644
sim_S1_ibm_kingston,aer_noise_model,2.8046958028859357,-4.38575398297639
sim_S1_ibm_kingston,aer_noise_model,1.620496414268776,-2.6446616921833743
sim_S1_ibm_kingston,aer_noise_model,0.3364425632808261,0.721499315834215
sim_S1_ibm_kingston,aer_noise_model,0.19013336557005198,-2.1412574023903033
sim_S1_ibm_kingston,aer_noise_model,-2.1747819223426834,-0.4841769702407859
sim_S1_ibm_kingston,aer_noise_model,2.225704830771731,-2.711344674067847
sim_S1_ibm_kingston,aer_noise_model,0.47432085852940675,-1.3690531846578478
sim_S1_ibm_kingston,aer_noise_model,3.3572053111009517,-2.4408617126838044
sim_S1_ibm_kingston,aer_noise_model,0.4547847894149108,-2.8823647155054597
sim_S1_ibm_kingston,aer_noise_model,-0.5215675124311577,0.8581868527924893
sim_S1_ibm_kingston,aer_noise_model,2.3937546020794462,-1.2948917345715634
sim_S1_ibm_kingston,aer_noise_model,0.8631954161900579,-1.5473149719300954
sim_S1_ibm_kingston,aer_noise_model,0.3938644648130656,-0.3616295536662148
sim_S1_ibm_kingston,aer_noise_model,0.8687497469697062,-1.3168669150411707
sim_S1_ibm_kingston,aer_noise_model,1.0952582650859806,-0.9260170284324877
sim_S1_ibm_kingston,aer_noise_model,-1.168048435366044,-1.0879551323563654
sim_S1_ibm_kingston,aer_noise_model,0.5168439868618906,-2.228336069050006
sim_S1_ibm_kingston,aer_noise_model,1.6210312017597859,-3.0928246596496876
sim_S1_ibm_kingston,aer_noise_model,1.2451099666277936,-1.791846406461367
sim_S1_ibm_kingston,aer_noise_model,0.7783101815561626,-3.1869840960910083
sim_S1_ibm_kingston,aer_noise_model,6.349449187154058,-5.815151170187304
sim_S1_ibm_kingston,aer_noise_model,-1.23962280352479,-0.22050289340945142
sim_S1_ibm_kingston,aer_noise_model,-1.4296269776516881,-2.1628089900949083
sim_S1_ibm_kingston,aer_noise_model,-1.669580648437354,-1.0112896073661526
sim_S1_ibm_kingston,aer_noise_model,-0.13655033972237923,1.67302034204118
sim_S1_ibm_kingston,aer_noise_model,0.7484237132420325,-2.2433246703658054
sim_S1_ibm_kingston,aer_noise_model,0.40157911087745934,-0.40612654088967515
sim_S1_ibm_kingston,aer_noise_model,1.9827981155696002,-3.860250802565626
sim_S1_ibm_kingston,aer_noise_model,0.8424102223774506,-5.1901647519597915
sim_S1_ibm_kingston,aer_noise_model,-2.6008951250230385,1.685360614232438
sim_S1_ibm_kingston,aer_noise_model,0.5232020245488227,-0.27947632863875327
sim_S1_ibm_marrakesh,aer_noise_model,-1.248731808632778,0.10345661832483817
sim_S1_ibm_marrakesh,aer_noise_model,-0.31273443522796185,-3.101267902231878
sim_S1_ibm_marrakesh,aer_noise_model,3.235670543464463,-3.8502330175281423
sim_S1_ibm_marrakesh,aer_noise_model,-0.6692780634919157,-4.6556347570750365
sim_S1_ibm_marrakesh,aer_noise_model,0.4561632784014789,-1.1950903474924066
sim_S1_ibm_marrakesh,aer_noise_model,4.742527541505884,-8.944442955468428
sim_S1_ibm_marrakesh,aer_noise_model,1.231966006688134,-2.8105203313118476
sim_S1_ibm_marrakesh,aer_noise_model,-1.9684176506067694,0.624846278287809
sim_S1_ibm_marrakesh,aer_noise_model,0.38167036266824217,-2.455451083512682
sim_S1_ibm_marrakesh,aer_noise_model,0.5230632305873789,-5.5227681962403485
sim_S1_ibm_marrakesh,aer_noise_model,-0.32572706824690995,-0.6573824330855843
sim_S1_ibm_marrakesh,aer_noise_model,0.4359846455740245,-1.004146874641788
sim_S1_ibm_marrakesh,aer_noise_model,1.7071575171639917,-1.81499528878203
sim_S1_ibm_marrakesh,aer_noise_model,-2.5992218895292556,0.8396474975162044
sim_S1_ibm_marrakesh,aer_noise_model,-0.5302761371537575,-0.8634053142463151
sim_S1_ibm_marrakesh,aer_noise_model,0.6330073882871633,-4.037307857644167
sim_S1_ibm_marrakesh,aer_noise_model,-1.3792865273890098,-0.6073923178203559
sim_S1_ibm_marrakesh,aer_noise_model,-0.10615948213614265,0.8143774069967712
sim_S1_ibm_marrakesh,aer_noise_model,0.21682234449164237,-2.0969798514298446
sim_S1_ibm_marrakesh,aer_noise_model,0.3821714119203685,1.874235717068848
sim_S1_ibm_marrakesh,aer_noise_model,3.1859892099725866,-5.425416644644853
sim_S1_ibm_marrakesh,aer_noise_model,0.11159565832899179,-1.1875672020867825
sim_S1_ibm_marrakesh,aer_noise_model,1.0552878267142674,-2.445203335059831
sim_S1_ibm_marrakesh,aer_noise_model,-0.8389335573810891,-2.0996164898355962
sim_S1_ibm_marrakesh,aer_noise_model,-2.0585216723471382,0.5405967863835793
sim_S1_ibm_marrakesh,aer_noise_model,-1.9790007232611586,1.5700535678364238
sim_S1_ibm_marrakesh,aer_noise_model,-1.9160822624170055,-0.5614112265495422
sim_S1_ibm_marrakesh,aer_noise_model,0.6591735773277874,1.278171559622946
sim_S1_ibm_marrakesh,aer_noise_model,-0.7282727246440528,-3.1168524346554425
sim_S1_ibm_marrakesh,aer_noise_model,1.3714428960147984,-1.1906878890566182
sim_S1_ibm_marrakesh,aer_noise_model,-0.13100463886938707,-0.9204715957148564
sim_S1_ibm_marrakesh,aer_noise_model,-0.7171272155711379,-4.616451752311443
sim_S1_ibm_marrakesh,aer_noise_model,-3.4166224357736135,-0.23285493361017973
sim_S1_ibm_marrakesh,aer_noise_model,-0.22987031019445894,-2.0784256866819075
sim_S1_ibm_marrakesh,aer_noise_model,-0.7664791666535702,-3.178036306969808
sim_S1_ibm_marrakesh,aer_noise_model,-3.42262510601057,-1.4167890441514306
sim_S1_ibm_marrakesh,aer_noise_model,-0.8861444239001874,-3.407134262526116
sim_S1_ibm_marrakesh,aer_noise_model,-0.0752826568996523,-3.537132599142633
sim_S1_ibm_marrakesh,aer_noise_model,0.8893247234075377,-2.481669554184696
sim_S1_ibm_marrakesh,aer_noise_model,1.9027359578794292,-5.3779422014982785
sim_S1_ibm_marrakesh,aer_noise_model,1.1208117735937104,-2.14322728101816
sim_S1_ibm_marrakesh,aer_noise_model,-0.28206419365294527,-1.4040306335621002
sim_S1_ibm_marrakesh,aer_noise_model,1.5124119455619642,-7.632624048878105
sim_S1_ibm_marrakesh,aer_noise_model,2.51307339368231,-3.6985088727632176
sim_S1_ibm_marrakesh,aer_noise_model,-2.5394268171097636,0.5303297892290825
sim_S1_ibm_marrakesh,aer_noise_model,-1.709911397978844,0.25700861676224007
sim_S1_ibm_marrakesh,aer_noise_model,0.3223523132377033,-0.9266469437566585
sim_S1_ibm_marrakesh,aer_noise_model,0.23604050413779956,-1.126756589384364
sim_S1_ibm_marrakesh,aer_noise_model,-1.2053278677922297,-2.450971531148098
sim_S1_ibm_marrakesh,aer_noise_model,2.5332133483250594,-5.186059373394213
sim_S1_ibm_marrakesh,aer_noise_model,0.896123794389198,-2.6208955682002593
sim_S1_ibm_marrakesh,aer_noise_model,0.18781934644398993,0.502017214771334
sim_S1_ibm_marrakesh,aer_noise_model,-0.4401031790304203,-2.731923360216958
sim_S1_ibm_marrakesh,aer_noise_model,-2.049627460536185,-1.5576892675886025
sim_S1_ibm_marrakesh,aer_noise_model,0.8537693011641758,-4.069511728453469
sim_S1_ibm_marrakesh,aer_noise_model,-1.2162626597698203,-2.779040258743588
sim_S1_ibm_marrakesh,aer_noise_model,2.697747999063568,-3.2581864133929312
sim_S1_ibm_marrakesh,aer_noise_model,-0.01146861894087431,-5.718860725270823
sim_S1_ibm_marrakesh,aer_noise_model,-2.7356351635077374,1.0583991575991876
sim_S1_ibm_marrakesh,aer_noise_model,1.811318713746979,-0.6430972145804044
sim_S1_ibm_marrakesh,aer_noise_model,0.3016008825056041,-1.9725266461751976
sim_S1_ibm_marrakesh,aer_noise_model,-0.6159346221343538,-1.2377876564176227
sim_S1_ibm_marrakesh,aer_noise_model,-0.28045372009539876,-2.050267112658859
sim_S1_ibm_marrakesh,aer_noise_model,0.368594719739188,-0.42629766877397696
sim_S1_ibm_marrakesh,aer_noise_model,-3.1108869762538145,-0.9470202846217678
sim_S1_ibm_marrakesh,aer_noise_model,-1.1786064932012457,-0.29820680583380654
sim_S1_ibm_marrakesh,aer_noise_model,0.08120578213990765,-2.413742416080346
sim_S1_ibm_marrakesh,aer_noise_model,1.2934751605830386,-2.7596501136851725
sim_S1_ibm_marrakesh,aer_noise_model,0.3760198985360584,-3.353963558076251
sim_S1_ibm_marrakesh,aer_noise_model,4.756232733008623,-2.9781409588254695
sim_S1_ibm_marrakesh,aer_noise_model,-1.7199106074280224,-1.0614738248762725
sim_S1_ibm_marrakesh,aer_noise_model,-1.2496532058896823,-3.087054299556377
sim_S1_ibm_marrakesh,aer_noise_model,-2.3248391296574558,0.13865424874509147
sim_S1_ibm_marrakesh,aer_noise_model,-0.9061910887895855,0.3056831104196844
sim_S1_ibm_marrakesh,aer_noise_model,0.5662988145779752,-3.5578121415705386
sim_S1_ibm_marrakesh,aer_noise_model,-0.9549135477923704,-1.4651841453458412
sim_S1_ibm_marrakesh,aer_noise_model,1.4359122612301272,-3.698160415566429
sim_S1_ibm_marrakesh,aer_noise_model,0.9844418944285952,-4.209953926826916
sim_S1_ibm_marrakesh,aer_noise_model,-3.498596777880091,1.3150442624094272
sim_S1_ibm_marrakesh,aer_noise_model,0.18094729965203604,0.06767397013557805
sim_S2_ibm_fez,aer_noise_model,4.412990788931663,-1.7585797671944405
sim_S2_ibm_fez,aer_noise_model,7.919423193283149,-4.948375734822924
sim_S2_ibm_fez,aer_noise_model,6.371196978315936,-4.180338631084286
sim_S2_ibm_fez,aer_noise_model,6.561960896698577,-4.021570205893458
sim_S2_ibm_fez,aer_noise_model,4.866712701922723,-1.896790274262045
sim_S2_ibm_fez,aer_noise_model,-0.24997978007590202,2.179118820357061
sim_S2_ibm_fez,aer_noise_model,5.720404576301494,-5.971454388097723
sim_S2_ibm_fez,aer_noise_model,2.669115552126557,-0.5823293445659452
sim_S2_ibm_fez,aer_noise_model,5.5573380765900895,-4.852664509007016
sim_S2_ibm_fez,aer_noise_model,7.080843035124905,-4.875423908828409
sim_S2_ibm_fez,aer_noise_model,3.1693165948840667,-1.6006342056195522
sim_S2_ibm_fez,aer_noise_model,5.993709319445554,-5.4239253512695
sim_S2_ibm_fez,aer_noise_model,5.787999423414604,-4.809402941149323
sim_S2_ibm_fez,aer_noise_model,6.967085006360651,-3.601680337430786
sim_S2_ibm_fez,aer_noise_model,2.676077672807974,-2.8014872232666965
sim_S2_ibm_fez,aer_noise_model,4.807194543028589,-1.7718900876393577
sim_S2_ibm_fez,aer_noise_model,5.4521795174573855,-4.290490126949049
sim_S2_ibm_fez,aer_noise_model,4.663147819828565,-4.6052854853421215
sim_S2_ibm_fez,aer_noise_model,5.506024807070059,-7.102414122596984
sim_S2_ibm_fez,aer_noise_model,1.5041610418053268,-2.2826461043655732
sim_S2_ibm_fez,aer_noise_model,4.653566875471658,-4.841689008646759
sim_S2_ibm_fez,aer_noise_model,9.920681936255214,-4.678028481627675
sim_S2_ibm_fez,aer_noise_model,5.35630578489213,-7.304843910540983
sim_S2_ibm_fez,aer_noise_model,2.785340777658307,-1.5912853885847327
sim_S2_ibm_fez,aer_noise_model,5.024977982585323,0.40907101367937104
sim_S2_ibm_fez,aer_noise_model,4.53615644272044,-4.859720231122549
sim_S2_ibm_fez,aer_noise_model,10.177120741985267,-8.418783012643026
sim_S2_ibm_fez,aer_noise_model,3.8007761554513997,-3.0793803644564375
sim_S2_ibm_fez,aer_noise_model,5.17739510686632,-2.2879828831482203
sim_S2_ibm_fez,aer_noise_model,5.253118601021395,-1.1578143077434182
sim_S2_ibm_fez,aer_noise_model,3.201563472179195,-1.9593131464057736
sim_S2_ibm_fez,aer_noise_model,5.358077990193295,-5.034469051376638
sim_S2_ibm_fez,aer_noise_model,7.157579619010172,-8.290871636910008
sim_S2_ibm_fez,aer_noise_model,4.334206564132888,-0.12751820015203125
sim_S2_ibm_fez,aer_noise_model,6.671415432677788,-4.911841953341284
sim_S2_ibm_fez,aer_noise_model,6.61582967419242,-3.476979686982561
sim_S2_ibm_fez,aer_noise_model,8.433556162990136,-2.822701508383014
sim_S2_ibm_fez,aer_noise_model,4.839750600225986,-2.7500725768074816
sim_S2_ibm_fez,aer_noise_model,3.144545055389478,-0.1435197361278249
sim_S2_ibm_fez,aer_noise_model,4.372440924879836,-3.1333378312307514
sim_S2_ibm_fez,aer_noise_model,4.198073127791817,-0.950612577824558
sim_S2_ibm_fez,aer_noise_model,4.588745839979499,-0.4900356304000667
sim_S2_ibm_fez,aer_noise_model,7.876484177533537,-4.5686040595754145
sim_S2_ibm_fez,aer_noise_model,2.857595001948338,-2.9145797137317104
sim_S2_ibm_fez,aer_noise_model,5.7710345506228435,-5.946660041554736
sim_S2_ibm_fez,aer_noise_model,6.901423377268725,-6.038530592559411
sim_S2_ibm_fez,aer_noise_model,6.960207562819111,-5.193543395863804
sim_S2_ibm_fez,aer_noise_model,2.785846932051668,-0.5070386288811466
sim_S2_ibm_fez,aer_noise_model,6.126888760482099,-2.779037370655441
sim_S2_ibm_fez,aer_noise_model,6.573590988163131,-3.718060058445502
sim_S2_ibm_fez,aer_noise_model,5.132765690342982,-3.8343084685640867
sim_S2_ibm_fez,aer_noise_model,3.7334953197304936,-1.6081919726003215
sim_S2_ibm_fez,aer_noise_model,2.683612561386954,-3.5803983206448358
sim_S2_ibm_fez,aer_noise_model,3.1071807885873985,-1.690722024740955
sim_S2_ibm_fez,aer_noise_model,5.9975486792588555,-6.448062009157345
sim_S2_ibm_fez,aer_noise_model,3.8218569018085904,-1.2963418550284713
sim_S2_ibm_fez,aer_noise_model,9.668773741477878,-4.8595359850162145
sim_S2_ibm_fez,aer_noise_model,7.461238453429863,-9.36599978280638
sim_S2_ibm_fez,aer_noise_model,3.6846922663850523,-0.21817088435544182
sim_S2_ibm_fez,aer_noise_model,0.22475557978998986,-0.8671953989916341
sim_S2_ibm_fez,aer_noise_model,3.4372113090716123,-3.534785987811711
sim_S2_ibm_fez,aer_noise_model,6.942726721053586,-2.596349646267501
sim_S2_ibm_fez,aer_noise_model,4.559966517241007,-3.0752302126985276
sim_S2_ibm_fez,aer_noise_model,4.960290191069887,-5.609589830084453
sim_S2_ibm_fez,aer_noise_model,7.638622527291886,-5.428948583872334
sim_S2_ibm_fez,aer_noise_model,5.716469141003879,-3.541334934432477
sim_S2_ibm_fez,aer_noise_model,4.621092399506119,-3.635866056804916
sim_S2_ibm_fez,aer_noise_model,5.373905009111676,-3.71414663636836
sim_S2_ibm_fez,aer_noise_model,7.016320569525352,-5.039348500782136
sim_S2_ibm_fez,aer_noise_model,5.416454814744929,-2.3682650336251085
sim_S2_ibm_fez,aer_noise_model,6.156720757518735,-2.5072181406929666
sim_S2_ibm_fez,aer_noise_model,3.0608130335345556,-3.1530675222884077
sim_S2_ibm_fez,aer_noise_model,4.5499967184356995,-2.777393652089499
sim_S2_ibm_fez,aer_noise_model,8.196311756978217,-5.956026113412077
sim_S2_ibm_fez,aer_noise_model,5.64072817039754,-7.571804585528119
sim_S2_ibm_fez,aer_noise_model,4.023610347161601,-4.171239092908293
sim_S2_ibm_fez,aer_noise_model,2.6849608248971495,-3.0352949595574503
sim_S2_ibm_fez,aer_noise_model,5.66921105202782,-4.065539649119403
sim_S2_ibm_fez,aer_noise_model,6.102477972188609,-5.50657690322651
sim_S2_ibm_fez,aer_noise_model,7.49969696919334,-1.2108462454273328
sim_S2_ibm_kingston,aer_noise_model,3.5809257856066665,-2.2053056072459247
sim_S2_ibm_kingston,aer_noise_model,6.946717922327947,-5.176917731865951
sim_S2_ibm_kingston,aer_noise_model,6.6049687442577625,-5.402582324504619
sim_S2_ibm_kingston,aer_noise_model,8.72575508635807,-6.237706728892229
sim_S2_ibm_kingston,aer_noise_model,5.165314279568304,-4.783762745288634
sim_S2_ibm_kingston,aer_noise_model,1.666509134927203,-0.900202720632502
sim_S2_ibm_kingston,aer_noise_model,6.62613309796447,-5.457251611141015
sim_S2_ibm_kingston,aer_noise_model,3.4316693747661864,-2.6838540417778542
sim_S2_ibm_kingston,aer_noise_model,7.449721869524911,-6.7579173091838465
sim_S2_ibm_kingston,aer_noise_model,5.3864708915229995,-6.06742765293273
sim_S2_ibm_kingston,aer_noise_model,3.378903908651495,-4.128957950418185
sim_S2_ibm_kingston,aer_noise_model,5.354569271849498,-5.39456303193402
sim_S2_ibm_kingston,aer_noise_model,5.686612575919213,-3.676759172213839
sim_S2_ibm_kingston,aer_noise_model,6.28127268851932,-3.7389485069051176
sim_S2_ibm_kingston,aer_noise_model,2.9605492738422448,-3.707579493897745
sim_S2_ibm_kingston,aer_noise_model,4.402664681876555,-1.7360835175854203
sim_S2_ibm_kingston,aer_noise_model,5.287633629483009,-3.855936800475167
sim_S2_ibm_kingston,aer_noise_model,5.028444231919151,-4.1513567990256925
sim_S2_ibm_kingston,aer_noise_model,4.361176186275087,-8.127988754669376
sim_S2_ibm_kingston,aer_noise_model,1.128788644944213,-1.1108908363778696
sim_S2_ibm_kingston,aer_noise_model,4.759719371163505,-4.048383663347727
sim_S2_ibm_kingston,aer_noise_model,10.20315527837013,-6.82439551310354
sim_S2_ibm_kingston,aer_noise_model,4.9229512084829885,-7.913267768565994
sim_S2_ibm_kingston,aer_noise_model,4.423309638320951,-3.5458059417112704
sim_S2_ibm_kingston,aer_noise_model,6.46064852141341,-1.8032473979322385
sim_S2_ibm_kingston,aer_noise_model,5.310081120126444,-6.233082566323597
sim_S2_ibm_kingston,aer_noise_model,9.894540204308218,-7.491317448079948
sim_S2_ibm_kingston,aer_noise_model,5.331336725574975,-4.932142998610285
sim_S2_ibm_kingston,aer_noise_model,4.686172013664679,-2.012159743302196
sim_S2_ibm_kingston,aer_noise_model,3.994619401332004,-1.1061737578319868
sim_S2_ibm_kingston,aer_noise_model,3.6590958500335837,-1.773234653427272
sim_S2_ibm_kingston,aer_noise_model,6.6324744516701815,-6.041090743165041
sim_S2_ibm_kingston,aer_noise_model,7.704187744069932,-9.681861102752762
sim_S2_ibm_kingston,aer_noise_model,4.915427800519357,-1.750918335092276
sim_S2_ibm_kingston,aer_noise_model,7.3436384506679975,-6.060467778864778
sim_S2_ibm_kingston,aer_noise_model,7.94159817221084,-5.313558359385417
sim_S2_ibm_kingston,aer_noise_model,8.804651944284904,-4.727243888533674
sim_S2_ibm_kingston,aer_noise_model,6.194324033670112,-3.8466120451279524
sim_S2_ibm_kingston,aer_noise_model,4.192433365986323,-1.064274328597144
sim_S2_ibm_kingston,aer_noise_model,6.000368087007296,-4.483796868826376
sim_S2_ibm_kingston,aer_noise_model,3.2267355332488115,-0.9770705789197076
sim_S2_ibm_kingston,aer_noise_model,5.329679456551354,-1.8726871421608942
sim_S2_ibm_kingston,aer_noise_model,7.291075460500963,-3.901076850397214
sim_S2_ibm_kingston,aer_noise_model,3.3935037014439096,-3.389840707995607
sim_S2_ibm_kingston,aer_noise_model,7.870627662673399,-7.700071395289837
sim_S2_ibm_kingston,aer_noise_model,7.65843038795595,-7.115112976797832
sim_S2_ibm_kingston,aer_noise_model,6.64395855234788,-5.603609172309531
sim_S2_ibm_kingston,aer_noise_model,3.874029236100638,-1.719675549957792
sim_S2_ibm_kingston,aer_noise_model,7.934798978565772,-3.5783557720093517
sim_S2_ibm_kingston,aer_noise_model,5.440787672639964,-3.720245146209165
sim_S2_ibm_kingston,aer_noise_model,6.378436307406178,-4.75545425586815
sim_S2_ibm_kingston,aer_noise_model,2.7056642051001534,-1.5701060008311534
sim_S2_ibm_kingston,aer_noise_model,3.5175577253499224,-4.3411538957928215
sim_S2_ibm_kingston,aer_noise_model,4.692153069756163,-3.3822707340383396
sim_S2_ibm_kingston,aer_noise_model,5.914490646214255,-7.227822068098443
sim_S2_ibm_kingston,aer_noise_model,5.012502414350422,-1.3481278397558492
sim_S2_ibm_kingston,aer_noise_model,8.935650963378105,-5.290319852544798
sim_S2_ibm_kingston,aer_noise_model,5.724434782138838,-8.670497326949132
sim_S2_ibm_kingston,aer_noise_model,4.797458438996347,-1.102590482217682
sim_S2_ibm_kingston,aer_noise_model,2.3709402286272963,-3.274119462551073
sim_S2_ibm_kingston,aer_noise_model,5.918099724999397,-8.119571393088782
sim_S2_ibm_kingston,aer_noise_model,6.510506957075854,-4.672643772359836
sim_S2_ibm_kingston,aer_noise_model,4.905180224013306,-4.786157234581732
sim_S2_ibm_kingston,aer_noise_model,5.362807827475888,-5.074029212174463
sim_S2_ibm_kingston,aer_noise_model,6.394478783257282,-5.6959662897297365
sim_S2_ibm_kingston,aer_noise_model,5.583175674908629,-3.6914495047093667
sim_S2_ibm_kingston,aer_noise_model,4.447357981966779,-3.507305335914858
sim_S2_ibm_kingston,aer_noise_model,6.237262743928246,-5.123020281381914
sim_S2_ibm_kingston,aer_noise_model,8.591516910322047,-5.783127539693347
sim_S2_ibm_kingston,aer_noise_model,5.080747223499271,-1.7657641440165586
sim_S2_ibm_kingston,aer_noise_model,5.776581543358876,-2.8989650120858697
sim_S2_ibm_kingston,aer_noise_model,3.342231179973328,-4.541266593127957
sim_S2_ibm_kingston,aer_noise_model,3.7341254862720206,-4.555248610395149
sim_S2_ibm_kingston,aer_noise_model,9.471790873964242,-7.933093718933262
sim_S2_ibm_kingston,aer_noise_model,3.6461017484933707,-4.692119044299636
sim_S2_ibm_kingston,aer_noise_model,5.2383964243641765,-5.99102417613958
sim_S2_ibm_kingston,aer_noise_model,3.4890586591744754,-4.17158392285041
sim_S2_ibm_kingston,aer_noise_model,5.570766117061643,-4.669550764227489
sim_S2_ibm_kingston,aer_noise_model,7.105087708771913,-6.464093448714303
sim_S2_ibm_kingston,aer_noise_model,7.9080836221640345,-2.5647105128456364
sim_S2_ibm_marrakesh,aer_noise_model,4.389212548823931,-2.046922436191901
sim_S2_ibm_marrakesh,aer_noise_model,5.300198692903133,-4.699482660410396
sim_S2_ibm_marrakesh,aer_noise_model,6.377617127341343,-3.928780132155759
sim_S2_ibm_marrakesh,aer_noise_model,8.187039682747475,-7.1441941131102
sim_S2_ibm_marrakesh,aer_noise_model,4.812144142525244,-3.920742360512938
sim_S2_ibm_marrakesh,aer_noise_model,1.9607402488556764,-1.5966685727180172
sim_S2_ibm_marrakesh,aer_noise_model,6.7690404670510445,-6.967149990890012
sim_S2_ibm_marrakesh,aer_noise_model,3.9046604825612565,-3.479117199096626
sim_S2_ibm_marrakesh,aer_noise_model,6.856804281247686,-6.306274906463146
sim_S2_ibm_marrakesh,aer_noise_model,4.021698375284737,-5.217965889204703
sim_S2_ibm_marrakesh,aer_noise_model,3.8591736029572896,-3.071962797530924
sim_S2_ibm_marrakesh,aer_noise_model,6.277677373424936,-8.16354048521078
sim_S2_ibm_marrakesh,aer_noise_model,5.087602346579695,-4.238860599079705
sim_S2_ibm_marrakesh,aer_noise_model,6.387300449190831,-4.780969249421862
sim_S2_ibm_marrakesh,aer_noise_model,3.999553010776335,-4.721622948148857
sim_S2_ibm_marrakesh,aer_noise_model,4.9361907493040915,-2.838842346704108
sim_S2_ibm_marrakesh,aer_noise_model,5.574520758374926,-6.0968717928602585
sim_S2_ibm_marrakesh,aer_noise_model,4.858493415569589,-4.348575981002923
sim_S2_ibm_marrakesh,aer_noise_model,4.786213356773254,-7.650095503463092
sim_S2_ibm_marrakesh,aer_noise_model,0.9583175609894037,-1.0749939650953027
sim_S2_ibm_marrakesh,aer_noise_model,5.795277107571382,-5.973317211663283
sim_S2_ibm_marrakesh,aer_noise_model,10.014734440727908,-7.1659082973482775
sim_S2_ibm_marrakesh,aer_noise_model,4.485092383352334,-7.026038254033722
sim_S2_ibm_marrakesh,aer_noise_model,2.948971096768799,-2.498508965104911
sim_S2_ibm_marrakesh,aer_noise_model,5.65325961249731,-2.269151425535302
sim_S2_ibm_marrakesh,aer_noise_model,4.160863848920792,-4.387819354073765
sim_S2_ibm_marrakesh,aer_noise_model,9.832750703047122,-8.363694830686763
sim_S2_ibm_marrakesh,aer_noise_model,4.329280340052882,-3.90039525768304
sim_S2_ibm_marrakesh,aer_noise_model,3.8532680553395116,-1.346946235832163
sim_S2_ibm_marrakesh,aer_noise_model,5.745626025806868,-2.5799737118979547
sim_S2_ibm_marrakesh,aer_noise_model,1.6967332630031002,-1.3206087744349881
sim_S2_ibm_marrakesh,aer_noise_model,5.899079806117332,-5.138623585984012
sim_S2_ibm_marrakesh,aer_noise_model,5.1947869300370915,-9.3883723308087
sim_S2_ibm_marrakesh,aer_noise_model,3.2023865440390447,-0.6205601516707837
sim_S2_ibm_marrakesh,aer_noise_model,6.512718759070342,-6.755369670895321
sim_S2_ibm_marrakesh,aer_noise_model,6.224205305661832,-5.468135359434064
sim_S2_ibm_marrakesh,aer_noise_model,8.631533297034483,-4.696117182324692
sim_S2_ibm_marrakesh,aer_noise_model,5.875280946999706,-4.400083812820907
sim_S2_ibm_marrakesh,aer_noise_model,3.4743760252073796,-0.542894798403798
sim_S2_ibm_marrakesh,aer_noise_model,3.7888542679248265,-1.2936527969163505
sim_S2_ibm_marrakesh,aer_noise_model,3.419955184850737,-0.46896791367333684
sim_S2_ibm_marrakesh,aer_noise_model,7.058947861503238,-4.5232284327421945
sim_S2_ibm_marrakesh,aer_noise_model,6.1975418562160565,-3.0385342250747502
sim_S2_ibm_marrakesh,aer_noise_model,2.8858677172730527,-3.6356621780902554
sim_S2_ibm_marrakesh,aer_noise_model,6.568196038806105,-7.535345869115679
sim_S2_ibm_marrakesh,aer_noise_model,7.38839899427006,-8.275314740627882
sim_S2_ibm_marrakesh,aer_noise_model,7.094877866872813,-6.306019601888099
sim_S2_ibm_marrakesh,aer_noise_model,4.074744150718636,-1.106049525426352
sim_S2_ibm_marrakesh,aer_noise_model,7.076720259237117,-5.382814914483379
sim_S2_ibm_marrakesh,aer_noise_model,4.639883119667064,-2.842937461502615
sim_S2_ibm_marrakesh,aer_noise_model,6.486589943172215,-5.535769705052463
sim_S2_ibm_marrakesh,aer_noise_model,4.345773570078408,-2.6604145128535457
sim_S2_ibm_marrakesh,aer_noise_model,2.458102239358959,-5.159862305386266
sim_S2_ibm_marrakesh,aer_noise_model,3.6111862713839624,-4.021949254654686
sim_S2_ibm_marrakesh,aer_noise_model,4.728362933039518,-6.020139498626524
sim_S2_ibm_marrakesh,aer_noise_model,5.618024315992047,-2.427338508072237
sim_S2_ibm_marrakesh,aer_noise_model,9.92835334286021,-7.1615524851599215
sim_S2_ibm_marrakesh,aer_noise_model,4.357036210512709,-8.644859275692433
sim_S2_ibm_marrakesh,aer_noise_model,3.880773294434427,-0.2972803260652567
sim_S2_ibm_marrakesh,aer_noise_model,0.5092451789500778,-1.2739291464229503
sim_S2_ibm_marrakesh,aer_noise_model,4.527818154823947,-6.029374260008304
sim_S2_ibm_marrakesh,aer_noise_model,6.312994626362287,-4.213137727576259
sim_S2_ibm_marrakesh,aer_noise_model,4.295336282987882,-3.5330763121476454
sim_S2_ibm_marrakesh,aer_noise_model,3.9965536544832836,-5.667846506212385
sim_S2_ibm_marrakesh,aer_noise_model,5.809118265939994,-6.555767645420706
sim_S2_ibm_marrakesh,aer_noise_model,4.658282703010845,-3.5640908026123026
sim_S2_ibm_marrakesh,aer_noise_model,3.7045010420812954,-1.997621007769915
sim_S2_ibm_marrakesh,aer_noise_model,5.216659450637331,-4.247318978621858
sim_S2_ibm_marrakesh,aer_noise_model,6.120875402000375,-4.919900066689464
sim_S2_ibm_marrakesh,aer_noise_model,5.990482815354023,-3.584535217231361
sim_S2_ibm_marrakesh,aer_noise_model,5.049993321988596,-2.4238600197316265
sim_S2_ibm_marrakesh,aer_noise_model,3.3855201286904846,-4.318457845118132
sim_S2_ibm_marrakesh,aer_noise_model,3.1892233566016435,-4.556615457434736
sim_S2_ibm_marrakesh,aer_noise_model,7.802107428930557,-6.092882974364808
sim_S2_ibm_marrakesh,aer_noise_model,5.277172805118802,-5.394125031042132
sim_S2_ibm_marrakesh,aer_noise_model,4.564863740771171,-6.42438257235047
sim_S2_ibm_marrakesh,aer_noise_model,2.8848390849658694,-4.101321180150689
sim_S2_ibm_marrakesh,aer_noise_model,4.937095926869453,-2.949233877278782
sim_S2_ibm_marrakesh,aer_noise_model,6.359603050953439,-6.651462934383583
sim_S2_ibm_marrakesh,aer_noise_model,6.659878148453195,-1.5518033745305615
