index,1,2,3,4,5,6,7,8,9,10
1,0.0,0.029150390625,0.01953125,0.021435546875,0.0212890625,0.02138671875,0.04091796875,0.040771484375,0.04677734375,0.035791015625
2,0.029150390625,0.0,0.02626953125,0.029541015625,0.03056640625,0.03359375,0.034375,0.036376953125,0.037890625,0.0263671875
3,0.01953125,0.02626953125,0.0,0.022998046875,0.021044921875,0.0228515625,0.0375,0.04228515625,0.0478515625,0.031640625
4,0.021435546875,0.029541015625,0.022998046875,0.0,0.02255859375,0.022119140625,0.037939453125,0.0400390625,0.045556640625,0.032861328125
5,0.0212890625,0.03056640625,0.021044921875,0.02255859375,0.0,0.029150390625,0.047314453125,0.046240234375,0.052880859375,0.038818359375
6,0.02138671875,0.03359375,0.0228515625,0.022119140625,0.029150390625,0.0,0.04052734375,0.046044921875,0.047998046875,0.035205078125
7,0.04091796875,0.034375,0.0375,0.037939453125,0.047314453125,0.04052734375,0.0,0.0365234375,0.021044921875,0.021484375
8,0.040771484375,0.036376953125,0.04228515625,0.0400390625,0.046240234375,0.046044921875,0.0365234375,0.0,0.027099609375,0.031884765625
9,0.04677734375,0.037890625,0.0478515625,0.045556640625,0.052880859375,0.047998046875,0.021044921875,0.027099609375,0.0,0.026416015625
10,0.035791015625,0.0263671875,0.031640625,0.032861328125,0.038818359375,0.035205078125,0.021484375,0.031884765625,0.026416015625,0.0
