threshold,far,frr,eer,eer_threshold
0.0,0.9896462624689083,0.010353737531091752,0.05,3.8
0.10101010101010101,0.9883276085106114,0.011672391489388652,0.05,3.8
0.20202020202020202,0.9868432432518164,0.013156756748183644,0.05,3.8
0.30303030303030304,0.9851729447721488,0.014827055227851157,0.05,3.8
0.40404040404040403,0.9832941854853999,0.01670581451459995,0.05,3.8
0.5050505050505051,0.9811819129461345,0.0188180870538654,0.05,3.8
0.6060606060606061,0.97880832192509,0.021191678074909875,0.05,3.8
0.7070707070707071,0.9761426212147174,0.02385737878528269,0.05,3.8
0.8080808080808081,0.9731508000233805,0.026849199976619442,0.05,3.8
0.9090909090909091,0.9697954005372017,0.030204599462798173,0.05,3.8
1.0101010101010102,0.9660353053112407,0.033964694688759345,0.05,3.8
1.1111111111111112,0.9618255506266821,0.038174449373317876,0.05,3.8
1.2121212121212122,0.9571171798309739,0.04288282016902604,0.05,3.8
1.3131313131313131,0.9518571539482991,0.04814284605170093,0.05,3.8
1.4141414141414141,0.9459883404505163,0.054011659549483663,0.05,3.8
1.5151515151515151,0.9394496048947424,0.06055039510525768,0.05,3.8
1.6161616161616161,0.9321760339611735,0.06782396603882644,0.05,3.8
1.7171717171717171,0.9240993219547637,0.07590067804523629,0.05,3.8
1.8181818181818181,0.9151483556276678,0.0848516443723322,0.05,3.8
1.9191919191919191,0.9052500336473625,0.09474996635263759,0.05,3.8
2.0202020202020203,0.8943303564331266,0.10566964356687349,0.05,3.8
2.121212121212121,0.8823158185240667,0.11768418147593326,0.05,3.8
2.2222222222222223,0.8691351281432397,0.13086487185676035,0.05,3.8
2.323232323232323,0.8547212662013907,0.1452787337986094,0.05,3.8
2.4242424242424243,0.839013878806322,0.16098612119367797,0.05,3.8
2.525252525252525,0.8219619729377967,0.17803802706220337,0.05,3.8
2.6262626262626263,0.8035268544699093,0.19647314553009068,0.05,3.8
2.727272727272727,0.7836852122520328,0.21631478774796717,0.05,3.8
2.8282828282828283,0.7624322137629888,0.2375677862370112,0.05,3.8
2.929292929292929,0.739784440544215,0.26021555945578506,0.05,3.8
3.0303030303030303,0.7157824601048296,0.2842175398951705,0.05,3.8
3.131313131313131,0.6904928111211533,0.3095071888788467,0.05,3.8
3.2323232323232323,0.6640091765846466,0.33599082341535336,0.05,3.8
3.3333333333333335,0.6364525402815662,0.3635474597184338,0.05,3.8
3.4343434343434343,0.6079701686555885,0.39202983134441144,0.05,3.8
3.5353535353535355,0.5787333323477443,0.4212666676522558,0.05,3.8
3.6363636363636362,0.5489337749066662,0.4510662250933337,0.05,3.8
3.7373737373737375,0.5187790413417859,0.4812209586582142,0.05,3.8
3.8383838383838382,0.4884868839120671,0.5115131160879329,0.05,3.8
3.9393939393939394,0.458279052763525,0.541720947236475,0.05,3.8
4.040404040404041,0.4283748416423258,0.5716251583576741,0.05,3.8
4.141414141414141,0.39898478435898926,0.6010152156410108,0.05,3.8
4.242424242424242,0.37030488198128614,0.6296951180187139,0.05,3.8
4.343434343434343,0.3425116863514168,0.6574883136485832,0.05,3.8
4.444444444444445,0.31575848082513763,0.6842415191748624,0.05,3.8
4.545454545454545,0.29017269660019807,0.7098273033998018,0.05,3.8
4.646464646464646,0.2658545966998042,0.7341454033001958,0.05,3.8
4.747474747474747,0.24287716263108525,0.7571228373689148,0.05,3.8
4.848484848484849,0.22128704087542578,0.7787129591245743,0.05,3.8
4.94949494949495,0.20110635337762703,0.7988936466223729,0.05,3.8
5.05050505050505,0.1823351494142923,0.8176648505857077,0.05,3.8
5.151515151515151,0.16495427330975745,0.8350457266902425,0.05,3.8
5.252525252525253,0.14892843862999955,0.8510715613700005,0.05,3.8
5.353535353535354,0.13420932875968827,0.8657906712403116,0.05,3.8
5.454545454545454,0.12073858017694489,0.8792614198230551,0.05,3.8
5.555555555555555,0.10845054310496309,0.8915494568950368,0.05,3.8
5.656565656565657,0.09727475060071142,0.9027252493992887,0.05,3.8
5.757575757575758,0.08713805895646225,0.9128619410435378,0.05,3.8
5.858585858585858,0.07796644819742125,0.9220335518025788,0.05,3.8
5.959595959595959,0.06968649110698938,0.9303135088930106,0.05,3.8
6.0606060606060606,0.06222651294737136,0.9377734870526285,0.05,3.8
6.161616161616162,0.05551747263624159,0.9444825273637585,0.05,3.8
6.262626262626262,0.04949360055353195,0.950506399446468,0.05,3.8
6.363636363636363,0.04409282937881922,0.9559071706211807,0.05,3.8
6.4646464646464645,0.039257053314915344,0.9607429466850846,0.05,3.8
6.565656565656566,0.03493224851845909,0.9650677514815408,0.05,3.8
6.666666666666667,0.031068484159667398,0.9689315158403325,0.05,3.8
6.767676767676767,0.027619849744648664,0.9723801502553514,0.05,3.8
6.8686868686868685,0.024544320492869837,0.9754556795071302,0.05,3.8
6.96969696969697,0.021803578894838575,0.9781964211051614,0.05,3.8
7.070707070707071,0.01936280721761245,0.9806371927823877,0.05,3.8
7.171717171717171,0.017190462749116658,0.9828095372508834,0.05,3.8
7.2727272727272725,0.015258045000338463,0.9847419549996616,0.05,3.8
7.373737373737374,0.013539861909864677,0.9864601380901352,0.05,3.8
7.474747474747475,0.012012800291150625,0.9879871997088494,0.05,3.8
7.575757575757575,0.010656104291952512,0.9893438957080476,0.05,3.8
7.6767676767676765,0.009451164455642954,0.9905488355443569,0.05,3.8
7.777777777777778,0.008381319043415273,0.9916186809565847,0.05,3.8
7.878787878787879,0.007431668554597042,0.992568331445403,0.05,3.8
7.979797979797979,0.006588903832994078,0.993411096167006,0.05,3.8
8.080808080808081,0.005841147738216068,0.994158852261784,0.05,3.8
8.181818181818182,0.0051778100645823565,0.9948221899354177,0.05,3.8
8.282828282828282,0.004589455183038459,0.9954105448169617,0.05,3.8
8.383838383838384,0.004067681744028828,0.9959323182559712,0.05,3.8
8.484848484848484,0.0036050136954581397,0.9963949863045419,0.05,3.8
8.585858585858587,0.0031948018267519973,0.9968051981732481,0.05,3.8
8.686868686868687,0.002831135037191893,0.9971688649628081,0.05,3.8
8.787878787878787,0.0025087605358949934,0.9974912394641049,0.05,3.8
8.88888888888889,0.0022230122055666448,0.9977769877944332,0.05,3.8
8.98989898989899,0.001969746397449835,0.99803025360255,0.05,3.8
9.09090909090909,0.001745284466885816,0.9982547155331141,0.05,3.8
9.191919191919192,0.0015463614046752555,0.9984536385953247,0.05,3.8
9.292929292929292,0.0013700799668258535,0.9986299200331741,0.05,3.8
9.393939393939394,0.0012138697527127116,0.9987861302472874,0.05,3.8
9.494949494949495,0.0010754507280393625,0.9989245492719606,0.05,3.8
9.595959595959595,0.0009528007334990881,0.999047199266501,0.05,3.8
9.696969696969697,0.0008441265621965601,0.9991558734378034,0.05,3.8
9.797979797979798,0.0007478382283983988,0.9992521617716015,0.05,3.8
9.8989898989899,0.0006625260868894906,0.9993374739131106,0.05,3.8
10.0,0.0005869404960808027,0.9994130595039192,0.05,3.8
